[{"model": "contenttypes.contenttype", "pk": 1, "fields": {"app_label": "admin", "model": "logentry"}}, {"model": "contenttypes.contenttype", "pk": 2, "fields": {"app_label": "auth", "model": "permission"}}, {"model": "contenttypes.contenttype", "pk": 3, "fields": {"app_label": "auth", "model": "group"}}, {"model": "contenttypes.contenttype", "pk": 4, "fields": {"app_label": "auth", "model": "user"}}, {"model": "contenttypes.contenttype", "pk": 5, "fields": {"app_label": "contenttypes", "model": "contenttype"}}, {"model": "contenttypes.contenttype", "pk": 6, "fields": {"app_label": "sessions", "model": "session"}}, {"model": "contenttypes.contenttype", "pk": 7, "fields": {"app_label": "authtoken", "model": "token"}}, {"model": "contenttypes.contenttype", "pk": 8, "fields": {"app_label": "genieioapp", "model": "category"}}, {"model": "contenttypes.contenttype", "pk": 9, "fields": {"app_label": "genieioapp", "model": "location"}}, {"model": "contenttypes.contenttype", "pk": 10, "fields": {"app_label": "genieioapp", "model": "wisher"}}, {"model": "contenttypes.contenttype", "pk": 11, "fields": {"app_label": "genieioapp", "model": "wish"}}, {"model": "contenttypes.contenttype", "pk": 12, "fields": {"app_label": "genieioapp", "model": "word"}}, {"model": "contenttypes.contenttype", "pk": 13, "fields": {"app_label": "genieioapp", "model": "wish_word"}}, {"model": "contenttypes.contenttype", "pk": 14, "fields": {"app_label": "genieioapp", "model": "grant"}}, {"model": "contenttypes.contenttype", "pk": 15, "fields": {"app_label": "genieioapp", "model": "word_counter"}}, {"model": "sessions.session", "pk": "im2uni24ftofwqkvzns63fhmcnugx8rp", "fields": {"session_data": "MmY0MjRkNzJkNDM0MWJkZTNlMTg5MGNjZWRiZTJlYjE0NjlmNTZmZDp7Il9hdXRoX3VzZXJfaWQiOiIxIiwiX2F1dGhfdXNlcl9iYWNrZW5kIjoiZGphbmdvLmNvbnRyaWIuYXV0aC5iYWNrZW5kcy5Nb2RlbEJhY2tlbmQiLCJfYXV0aF91c2VyX2hhc2giOiJiOWJhZWU4YjljMTIxYTZmMWQzZWE2NjYzZGEwNTMyOTcyMmI1OWNjIn0=", "expire_date": "2020-03-27T22:14:44.501Z"}}, {"model": "genieioapp.category", "pk": 1, "fields": {"category": "General"}}, {"model": "genieioapp.location", "pk": 1, "fields": {"location": "TN"}}, {"model": "genieioapp.location", "pk": 2, "fields": {"location": "AK"}}, {"model": "genieioapp.location", "pk": 3, "fields": {"location": "AZ"}}, {"model": "genieioapp.location", "pk": 4, "fields": {"location": "AR"}}, {"model": "genieioapp.location", "pk": 5, "fields": {"location": "CA"}}, {"model": "genieioapp.location", "pk": 6, "fields": {"location": "CO"}}, {"model": "genieioapp.location", "pk": 7, "fields": {"location": "CT"}}, {"model": "genieioapp.location", "pk": 8, "fields": {"location": "DE"}}, {"model": "genieioapp.location", "pk": 9, "fields": {"location": "DC"}}, {"model": "genieioapp.location", "pk": 10, "fields": {"location": "FL"}}, {"model": "genieioapp.location", "pk": 11, "fields": {"location": "GA"}}, {"model": "genieioapp.location", "pk": 12, "fields": {"location": "HI"}}, {"model": "genieioapp.location", "pk": 13, "fields": {"location": "ID"}}, {"model": "genieioapp.location", "pk": 14, "fields": {"location": "IL"}}, {"model": "genieioapp.location", "pk": 15, "fields": {"location": "IN"}}, {"model": "genieioapp.location", "pk": 16, "fields": {"location": "IA"}}, {"model": "genieioapp.location", "pk": 17, "fields": {"location": "KS"}}, {"model": "genieioapp.location", "pk": 18, "fields": {"location": "KY"}}, {"model": "genieioapp.location", "pk": 19, "fields": {"location": "LA"}}, {"model": "genieioapp.location", "pk": 20, "fields": {"location": "ME"}}, {"model": "genieioapp.location", "pk": 21, "fields": {"location": "MD"}}, {"model": "genieioapp.location", "pk": 22, "fields": {"location": "MA"}}, {"model": "genieioapp.location", "pk": 23, "fields": {"location": "MI"}}, {"model": "genieioapp.location", "pk": 24, "fields": {"location": "MN"}}, {"model": "genieioapp.location", "pk": 25, "fields": {"location": "MS"}}, {"model": "genieioapp.location", "pk": 26, "fields": {"location": "MO"}}, {"model": "genieioapp.location", "pk": 27, "fields": {"location": "MT"}}, {"model": "genieioapp.location", "pk": 28, "fields": {"location": "NE"}}, {"model": "genieioapp.location", "pk": 29, "fields": {"location": "NV"}}, {"model": "genieioapp.location", "pk": 30, "fields": {"location": "NH"}}, {"model": "genieioapp.location", "pk": 31, "fields": {"location": "NJ"}}, {"model": "genieioapp.location", "pk": 32, "fields": {"location": "NM"}}, {"model": "genieioapp.location", "pk": 33, "fields": {"location": "NY"}}, {"model": "genieioapp.location", "pk": 34, "fields": {"location": "NC"}}, {"model": "genieioapp.location", "pk": 35, "fields": {"location": "ND"}}, {"model": "genieioapp.location", "pk": 36, "fields": {"location": "OH"}}, {"model": "genieioapp.location", "pk": 37, "fields": {"location": "OK"}}, {"model": "genieioapp.location", "pk": 38, "fields": {"location": "OR"}}, {"model": "genieioapp.location", "pk": 39, "fields": {"location": "PA"}}, {"model": "genieioapp.location", "pk": 40, "fields": {"location": "RI"}}, {"model": "genieioapp.location", "pk": 41, "fields": {"location": "SC"}}, {"model": "genieioapp.location", "pk": 42, "fields": {"location": "SD"}}, {"model": "genieioapp.location", "pk": 43, "fields": {"location": "AL"}}, {"model": "genieioapp.location", "pk": 44, "fields": {"location": "TX"}}, {"model": "genieioapp.location", "pk": 45, "fields": {"location": "UT"}}, {"model": "genieioapp.location", "pk": 46, "fields": {"location": "VT"}}, {"model": "genieioapp.location", "pk": 47, "fields": {"location": "VA"}}, {"model": "genieioapp.location", "pk": 48, "fields": {"location": "WA"}}, {"model": "genieioapp.location", "pk": 49, "fields": {"location": "WV"}}, {"model": "genieioapp.location", "pk": 50, "fields": {"location": "WI"}}, {"model": "genieioapp.location", "pk": 51, "fields": {"location": "WY"}}, {"model": "genieioapp.wish", "pk": 1, "fields": {"wisher": 2, "wish_body": "finish capstone successfully", "category": 1, "location": 1, "created_at": "2020-03-13T01:14:01.389Z"}}, {"model": "genieioapp.wish", "pk": 2, "fields": {"wisher": 2, "wish_body": "Beat COVID19", "category": 1, "location": 1, "created_at": "2020-03-14T18:05:46.052Z"}}, {"model": "genieioapp.wish", "pk": 4, "fields": {"wisher": 2, "wish_body": "Finish capstone 2", "category": 1, "location": 1, "created_at": "2020-03-14T18:24:02.950Z"}}, {"model": "genieioapp.wish", "pk": 15, "fields": {"wisher": 2, "wish_body": "I wish for all the cats in the world", "category": 1, "location": 1, "created_at": "2020-03-14T23:41:47.520Z"}}, {"model": "genieioapp.wish", "pk": 28, "fields": {"wisher": 5, "wish_body": "I wish I will figure out the NLTK thing", "category": 1, "location": 1, "created_at": "2020-03-15T01:47:32.434Z"}}, {"model": "genieioapp.wish", "pk": 46, "fields": {"wisher": 5, "wish_body": "I wish for all the cats the world", "category": 1, "location": 1, "created_at": "2020-03-15T18:28:33.906Z"}}, {"model": "genieioapp.wish", "pk": 47, "fields": {"wisher": 5, "wish_body": "I wish for all the cats the world", "category": 1, "location": 1, "created_at": "2020-03-15T18:32:28.219Z"}}, {"model": "genieioapp.wish", "pk": 48, "fields": {"wisher": 4, "wish_body": "I wish for all the cats Nashville", "category": 1, "location": 1, "created_at": "2020-03-15T19:08:54.666Z"}}, {"model": "genieioapp.wish", "pk": 49, "fields": {"wisher": 4, "wish_body": "I wish for COVID19 to end!", "category": 1, "location": 1, "created_at": "2020-03-15T19:09:22.242Z"}}, {"model": "genieioapp.wish", "pk": 50, "fields": {"wisher": 4, "wish_body": "To finish my capstone successfully", "category": 1, "location": 1, "created_at": "2020-03-15T19:13:55.052Z"}}, {"model": "genieioapp.wish", "pk": 51, "fields": {"wisher": 4, "wish_body": "To finish my capstone on time", "category": 1, "location": 1, "created_at": "2020-03-15T19:14:23.339Z"}}, {"model": "genieioapp.wish", "pk": 53, "fields": {"wisher": 4, "wish_body": "I wish for all the icecream", "category": 1, "location": 1, "created_at": "2020-03-16T03:18:31.007Z"}}, {"model": "genieioapp.wish", "pk": 54, "fields": {"wisher": 3, "wish_body": "I wish that the coronavirus will go away", "category": 1, "location": 1, "created_at": "2020-03-16T03:20:59.369Z"}}, {"model": "genieioapp.wish", "pk": 55, "fields": {"wisher": 3, "wish_body": "I wish for a million dollar", "category": 1, "location": 1, "created_at": "2020-03-16T03:24:22.078Z"}}, {"model": "genieioapp.wish", "pk": 56, "fields": {"wisher": 3, "wish_body": "Testing the new search results", "category": 1, "location": 1, "created_at": "2020-03-16T14:56:48.635Z"}}, {"model": "genieioapp.wish", "pk": 57, "fields": {"wisher": 3, "wish_body": "I wish it will all result in icecream", "category": 1, "location": 1, "created_at": "2020-03-16T15:00:02.080Z"}}, {"model": "genieioapp.wish", "pk": 58, "fields": {"wisher": 2, "wish_body": "Warren its working!", "category": 1, "location": 1, "created_at": "2020-03-17T19:01:07.793Z"}}, {"model": "genieioapp.wish", "pk": 59, "fields": {"wisher": 2, "wish_body": "I want Joe to help me with SQL", "category": 1, "location": 1, "created_at": "2020-03-18T15:40:45.366Z"}}, {"model": "genieioapp.wish", "pk": 60, "fields": {"wisher": 2, "wish_body": "another capstone wish", "category": 1, "location": 1, "created_at": "2020-03-18T20:48:16.539Z"}}, {"model": "genieioapp.wish", "pk": 61, "fields": {"wisher": 2, "wish_body": "I wish that I had a pizza", "category": 1, "location": 1, "created_at": "2020-03-18T21:17:23.482Z"}}, {"model": "genieioapp.wish", "pk": 62, "fields": {"wisher": 2, "wish_body": "hock pocky", "category": 1, "location": 1, "created_at": "2020-03-19T01:04:42.937Z"}}, {"model": "genieioapp.wish", "pk": 63, "fields": {"wisher": 2, "wish_body": "hockey shmocky", "category": 1, "location": 1, "created_at": "2020-03-19T01:04:55.396Z"}}, {"model": "genieioapp.wish", "pk": 64, "fields": {"wisher": 2, "wish_body": "I wish for all the dogs", "category": 1, "location": 1, "created_at": "2020-03-19T01:06:17.454Z"}}, {"model": "genieioapp.wish", "pk": 65, "fields": {"wisher": 2, "wish_body": "I wish the capstone will be lit", "category": 1, "location": 1, "created_at": "2020-03-19T01:24:23.115Z"}}, {"model": "genieioapp.wish", "pk": 66, "fields": {"wisher": 2, "wish_body": "I want to have the best capstone", "category": 1, "location": 1, "created_at": "2020-03-19T01:31:40.538Z"}}, {"model": "genieioapp.wish", "pk": 67, "fields": {"wisher": 2, "wish_body": "I wish for a strawberry icecream", "category": 1, "location": 1, "created_at": "2020-03-19T01:36:55.374Z"}}, {"model": "genieioapp.wish", "pk": 68, "fields": {"wisher": 4, "wish_body": "I wish for moses burger", "category": 1, "location": 1, "created_at": "2020-03-19T02:13:51.919Z"}}, {"model": "genieioapp.wish", "pk": 69, "fields": {"wisher": 2, "wish_body": "I wish that my text messages will work", "category": 1, "location": 1, "created_at": "2020-03-20T20:58:30.057Z"}}, {"model": "genieioapp.wish", "pk": 70, "fields": {"wisher": 4, "wish_body": "A million puppies  user2", "category": 1, "location": 1, "created_at": "2020-03-21T23:11:49.503Z"}}, {"model": "genieioapp.wish", "pk": 71, "fields": {"wisher": 4, "wish_body": "I wish for a million puppies user3", "category": 1, "location": 1, "created_at": "2020-03-21T23:13:35.463Z"}}, {"model": "genieioapp.wish", "pk": 73, "fields": {"wisher": 4, "wish_body": "I would like 2 million puppies  user4", "category": 1, "location": 1, "created_at": "2020-03-21T23:15:36.372Z"}}, {"model": "genieioapp.wish", "pk": 74, "fields": {"wisher": 4, "wish_body": "I wish for mineral water", "category": 1, "location": 1, "created_at": "2020-03-22T18:37:23.449Z"}}, {"model": "genieioapp.wish", "pk": 75, "fields": {"wisher": 2, "wish_body": "I wish for normal times", "category": 1, "location": 1, "created_at": "2020-03-22T18:39:55.431Z"}}, {"model": "genieioapp.wish", "pk": 76, "fields": {"wisher": 4, "wish_body": "I wish that the text system will work ", "category": 1, "location": 1, "created_at": "2020-03-22T18:41:12.948Z"}}, {"model": "genieioapp.wish", "pk": 77, "fields": {"wisher": 2, "wish_body": "I wish for a burger", "category": 1, "location": 1, "created_at": "2020-03-22T19:40:27.293Z"}}, {"model": "genieioapp.wish", "pk": 78, "fields": {"wisher": 4, "wish_body": "I wish for green tea", "category": 1, "location": 1, "created_at": "2020-03-22T19:48:47.117Z"}}, {"model": "genieioapp.wish", "pk": 79, "fields": {"wisher": 2, "wish_body": "I wish that we all get together soon", "category": 1, "location": 1, "created_at": "2020-03-23T14:42:16.590Z"}}, {"model": "genieioapp.wish", "pk": 80, "fields": {"wisher": 4, "wish_body": "I wish for some sunshine", "category": 1, "location": 1, "created_at": "2020-03-23T16:37:43.780Z"}}, {"model": "genieioapp.wish", "pk": 81, "fields": {"wisher": 2, "wish_body": "I wish I could live the house", "category": 1, "location": 1, "created_at": "2020-03-23T16:42:24.368Z"}}, {"model": "genieioapp.wish", "pk": 82, "fields": {"wisher": 4, "wish_body": "I wish for a Moscow mule", "category": 1, "location": 1, "created_at": "2020-03-24T00:36:27.455Z"}}, {"model": "genieioapp.wish", "pk": 83, "fields": {"wisher": 2, "wish_body": "I wish that I could read in my sleep", "category": 1, "location": 1, "created_at": "2020-03-24T18:41:14.826Z"}}, {"model": "genieioapp.wish", "pk": 84, "fields": {"wisher": 2, "wish_body": "I had a cat and the big lego friends big amusement park", "category": 1, "location": 1, "created_at": "2020-03-24T21:30:22.562Z"}}, {"model": "genieioapp.wish", "pk": 85, "fields": {"wisher": 7, "wish_body": "I wish for health and happiness\n", "category": 1, "location": 1, "created_at": "2020-03-24T22:36:18.414Z"}}, {"model": "genieioapp.wish", "pk": 86, "fields": {"wisher": 7, "wish_body": "I wish for a burger and milkshake", "category": 1, "location": 1, "created_at": "2020-03-25T14:40:18.284Z"}}, {"model": "genieioapp.wish", "pk": 87, "fields": {"wisher": 7, "wish_body": "I wish for all the jelly beans in the world", "category": 1, "location": 1, "created_at": "2020-03-25T19:25:02.735Z"}}, {"model": "genieioapp.wish", "pk": 88, "fields": {"wisher": 2, "wish_body": "I wish for a trip to Israel", "category": 1, "location": 1, "created_at": "2020-03-26T00:14:12.175Z"}}, {"model": "genieioapp.wish", "pk": 89, "fields": {"wisher": 7, "wish_body": "I wish for a grilled cheese sandwich.", "category": 1, "location": 1, "created_at": "2020-03-26T01:05:07.923Z"}}, {"model": "genieioapp.wish", "pk": 90, "fields": {"wisher": 2, "wish_body": "Love and peace ", "category": 1, "location": 1, "created_at": "2020-03-26T15:17:03.021Z"}}, {"model": "genieioapp.wish", "pk": 91, "fields": {"wisher": 2, "wish_body": "Peace and love ", "category": 1, "location": 1, "created_at": "2020-03-26T15:20:55.799Z"}}, {"model": "genieioapp.wish", "pk": 92, "fields": {"wisher": 2, "wish_body": "I wish I could have my life back. ", "category": 1, "location": 1, "created_at": "2020-03-26T15:24:48.171Z"}}, {"model": "genieioapp.wish", "pk": 93, "fields": {"wisher": 2, "wish_body": "I wish for more facemasks for people fighting coronavirus", "category": 1, "location": 14, "created_at": "2020-03-26T16:16:15.764Z"}}, {"model": "genieioapp.wish", "pk": 94, "fields": {"wisher": 2, "wish_body": "I wish for sunshine", "category": 1, "location": 1, "created_at": "2020-03-26T19:46:30.875Z"}}, {"model": "genieioapp.wish", "pk": 95, "fields": {"wisher": 7, "wish_body": "I wish for all the puppies in the world", "category": 1, "location": 1, "created_at": "2020-03-26T23:36:35.243Z"}}, {"model": "genieioapp.wish", "pk": 96, "fields": {"wisher": 7, "wish_body": "I wish for all the puppies in the world", "category": 1, "location": 1, "created_at": "2020-03-26T23:45:42.347Z"}}, {"model": "genieioapp.wish", "pk": 97, "fields": {"wisher": 7, "wish_body": "I wish for a burger", "category": 1, "location": 1, "created_at": "2020-03-26T23:57:16.393Z"}}, {"model": "genieioapp.wish", "pk": 98, "fields": {"wisher": 7, "wish_body": "I wish for a burger", "category": 1, "location": 1, "created_at": "2020-03-27T00:04:23.890Z"}}, {"model": "genieioapp.wish", "pk": 99, "fields": {"wisher": 7, "wish_body": "I wish for all the cats in the world ", "category": 1, "location": 1, "created_at": "2020-03-27T00:09:43.902Z"}}, {"model": "genieioapp.wish", "pk": 100, "fields": {"wisher": 2, "wish_body": "I wish I had a pizza ", "category": 1, "location": 18, "created_at": "2020-03-27T16:19:56.027Z"}}, {"model": "genieioapp.wish", "pk": 101, "fields": {"wisher": 2, "wish_body": "I wish for all the legos in the world", "category": 1, "location": 1, "created_at": "2020-03-27T19:17:12.012Z"}}, {"model": "genieioapp.wish", "pk": 102, "fields": {"wisher": 2, "wish_body": "I wish for all the tacos in the world", "category": 1, "location": 1, "created_at": "2020-03-27T19:22:47.094Z"}}, {"model": "genieioapp.wish", "pk": 103, "fields": {"wisher": 2, "wish_body": "I wish for all the video games in the world", "category": 1, "location": 1, "created_at": "2020-03-27T19:31:09.680Z"}}, {"model": "genieioapp.wish", "pk": 104, "fields": {"wisher": 7, "wish_body": "I wish for all the teddy bears", "category": 1, "location": 1, "created_at": "2020-03-27T19:50:20.763Z"}}, {"model": "genieioapp.word", "pk": 1, "fields": {"word": "Capstone"}}, {"model": "genieioapp.word", "pk": 2, "fields": {"word": "cats"}}, {"model": "genieioapp.word", "pk": 6, "fields": {"word": "world"}}, {"model": "genieioapp.word", "pk": 7, "fields": {"word": "Brentwood"}}, {"model": "genieioapp.word", "pk": 8, "fields": {"word": "COVID19"}}, {"model": "genieioapp.word", "pk": 9, "fields": {"word": "time"}}, {"model": "genieioapp.word", "pk": 10, "fields": {"word": "Icecream"}}, {"model": "genieioapp.word", "pk": 11, "fields": {"word": "coronavirus"}}, {"model": "genieioapp.word", "pk": 12, "fields": {"word": "Dollar"}}, {"model": "genieioapp.word", "pk": 13, "fields": {"word": "Testing"}}, {"model": "genieioapp.word", "pk": 14, "fields": {"word": "search"}}, {"model": "genieioapp.word", "pk": 15, "fields": {"word": "results"}}, {"model": "genieioapp.word", "pk": 16, "fields": {"word": "result"}}, {"model": "genieioapp.word", "pk": 17, "fields": {"word": "Warren"}}, {"model": "genieioapp.word", "pk": 18, "fields": {"word": "working"}}, {"model": "genieioapp.word", "pk": 19, "fields": {"word": "Joe"}}, {"model": "genieioapp.word", "pk": 20, "fields": {"word": "SQL"}}, {"model": "genieioapp.word", "pk": 21, "fields": {"word": "wish"}}, {"model": "genieioapp.word", "pk": 22, "fields": {"word": "Pizza"}}, {"model": "genieioapp.word", "pk": 23, "fields": {"word": "hock"}}, {"model": "genieioapp.word", "pk": 24, "fields": {"word": "pocky"}}, {"model": "genieioapp.word", "pk": 25, "fields": {"word": "hockey"}}, {"model": "genieioapp.word", "pk": 26, "fields": {"word": "shmocky"}}, {"model": "genieioapp.word", "pk": 27, "fields": {"word": "dogs"}}, {"model": "genieioapp.word", "pk": 28, "fields": {"word": "Strawberry"}}, {"model": "genieioapp.word", "pk": 29, "fields": {"word": "moses"}}, {"model": "genieioapp.word", "pk": 30, "fields": {"word": "Burger"}}, {"model": "genieioapp.word", "pk": 31, "fields": {"word": "text"}}, {"model": "genieioapp.word", "pk": 32, "fields": {"word": "messages"}}, {"model": "genieioapp.word", "pk": 33, "fields": {"word": "Puppies"}}, {"model": "genieioapp.word", "pk": 34, "fields": {"word": "Nashville"}}, {"model": "genieioapp.word", "pk": 36, "fields": {"word": "NSS"}}, {"model": "genieioapp.word", "pk": 37, "fields": {"word": "Health"}}, {"model": "genieioapp.word", "pk": 38, "fields": {"word": "Success"}}, {"model": "genieioapp.word", "pk": 39, "fields": {"word": "Doctor"}}, {"model": "genieioapp.word", "pk": 40, "fields": {"word": "water"}}, {"model": "genieioapp.word", "pk": 41, "fields": {"word": "Love"}}, {"model": "genieioapp.word", "pk": 42, "fields": {"word": "system"}}, {"model": "genieioapp.word", "pk": 43, "fields": {"word": "burger"}}, {"model": "genieioapp.word", "pk": 44, "fields": {"word": "tea"}}, {"model": "genieioapp.word", "pk": 45, "fields": {"word": "sunshine"}}, {"model": "genieioapp.word", "pk": 46, "fields": {"word": "house"}}, {"model": "genieioapp.word", "pk": 47, "fields": {"word": "Moscow"}}, {"model": "genieioapp.word", "pk": 48, "fields": {"word": "mule"}}, {"model": "genieioapp.word", "pk": 49, "fields": {"word": "sleep"}}, {"model": "genieioapp.word", "pk": 50, "fields": {"word": "cat"}}, {"model": "genieioapp.word", "pk": 51, "fields": {"word": "lego"}}, {"model": "genieioapp.word", "pk": 52, "fields": {"word": "amusement"}}, {"model": "genieioapp.word", "pk": 53, "fields": {"word": "park"}}, {"model": "genieioapp.word", "pk": 54, "fields": {"word": "trip"}}, {"model": "genieioapp.word", "pk": 55, "fields": {"word": "Israel"}}, {"model": "genieioapp.word", "pk": 56, "fields": {"word": "cheese"}}, {"model": "genieioapp.word", "pk": 57, "fields": {"word": "sandwich"}}, {"model": "genieioapp.word", "pk": 58, "fields": {"word": "peace"}}, {"model": "genieioapp.word", "pk": 59, "fields": {"word": "Peace"}}, {"model": "genieioapp.word", "pk": 60, "fields": {"word": "life"}}, {"model": "genieioapp.word", "pk": 61, "fields": {"word": "facemasks"}}, {"model": "genieioapp.word", "pk": 62, "fields": {"word": "people"}}, {"model": "genieioapp.word", "pk": 63, "fields": {"word": "fighting"}}, {"model": "genieioapp.word", "pk": 64, "fields": {"word": "puppies"}}, {"model": "genieioapp.word", "pk": 65, "fields": {"word": "pizza"}}, {"model": "genieioapp.word", "pk": 66, "fields": {"word": "legos"}}, {"model": "genieioapp.word", "pk": 67, "fields": {"word": "tacos"}}, {"model": "genieioapp.word", "pk": 68, "fields": {"word": "video"}}, {"model": "genieioapp.word", "pk": 69, "fields": {"word": "games"}}, {"model": "genieioapp.word", "pk": 70, "fields": {"word": "bears"}}, {"model": "genieioapp.wish_word", "pk": 4, "fields": {"wish": 47, "word": 2}}, {"model": "genieioapp.wish_word", "pk": 5, "fields": {"wish": 47, "word": 6}}, {"model": "genieioapp.wish_word", "pk": 6, "fields": {"wish": 48, "word": 2}}, {"model": "genieioapp.wish_word", "pk": 7, "fields": {"wish": 48, "word": 7}}, {"model": "genieioapp.wish_word", "pk": 8, "fields": {"wish": 49, "word": 8}}, {"model": "genieioapp.wish_word", "pk": 9, "fields": {"wish": 50, "word": 6}}, {"model": "genieioapp.wish_word", "pk": 10, "fields": {"wish": 51, "word": 6}}, {"model": "genieioapp.wish_word", "pk": 11, "fields": {"wish": 51, "word": 9}}, {"model": "genieioapp.wish_word", "pk": 12, "fields": {"wish": 53, "word": 10}}, {"model": "genieioapp.wish_word", "pk": 13, "fields": {"wish": 54, "word": 11}}, {"model": "genieioapp.wish_word", "pk": 14, "fields": {"wish": 55, "word": 12}}, {"model": "genieioapp.wish_word", "pk": 15, "fields": {"wish": 56, "word": 13}}, {"model": "genieioapp.wish_word", "pk": 16, "fields": {"wish": 56, "word": 14}}, {"model": "genieioapp.wish_word", "pk": 17, "fields": {"wish": 56, "word": 15}}, {"model": "genieioapp.wish_word", "pk": 18, "fields": {"wish": 57, "word": 16}}, {"model": "genieioapp.wish_word", "pk": 19, "fields": {"wish": 57, "word": 10}}, {"model": "genieioapp.wish_word", "pk": 20, "fields": {"wish": 58, "word": 17}}, {"model": "genieioapp.wish_word", "pk": 21, "fields": {"wish": 58, "word": 18}}, {"model": "genieioapp.wish_word", "pk": 22, "fields": {"wish": 59, "word": 19}}, {"model": "genieioapp.wish_word", "pk": 23, "fields": {"wish": 59, "word": 20}}, {"model": "genieioapp.wish_word", "pk": 24, "fields": {"wish": 60, "word": 1}}, {"model": "genieioapp.wish_word", "pk": 25, "fields": {"wish": 60, "word": 21}}, {"model": "genieioapp.wish_word", "pk": 26, "fields": {"wish": 61, "word": 22}}, {"model": "genieioapp.wish_word", "pk": 27, "fields": {"wish": 62, "word": 23}}, {"model": "genieioapp.wish_word", "pk": 28, "fields": {"wish": 62, "word": 24}}, {"model": "genieioapp.wish_word", "pk": 29, "fields": {"wish": 63, "word": 25}}, {"model": "genieioapp.wish_word", "pk": 30, "fields": {"wish": 63, "word": 26}}, {"model": "genieioapp.wish_word", "pk": 31, "fields": {"wish": 64, "word": 27}}, {"model": "genieioapp.wish_word", "pk": 32, "fields": {"wish": 65, "word": 1}}, {"model": "genieioapp.wish_word", "pk": 33, "fields": {"wish": 66, "word": 1}}, {"model": "genieioapp.wish_word", "pk": 34, "fields": {"wish": 67, "word": 28}}, {"model": "genieioapp.wish_word", "pk": 35, "fields": {"wish": 67, "word": 10}}, {"model": "genieioapp.wish_word", "pk": 36, "fields": {"wish": 68, "word": 29}}, {"model": "genieioapp.wish_word", "pk": 37, "fields": {"wish": 68, "word": 30}}, {"model": "genieioapp.wish_word", "pk": 38, "fields": {"wish": 48, "word": 1}}, {"model": "genieioapp.wish_word", "pk": 39, "fields": {"wish": 48, "word": 1}}, {"model": "genieioapp.wish_word", "pk": 40, "fields": {"wish": 48, "word": 1}}, {"model": "genieioapp.wish_word", "pk": 41, "fields": {"wish": 48, "word": 1}}, {"model": "genieioapp.wish_word", "pk": 42, "fields": {"wish": 48, "word": 1}}, {"model": "genieioapp.wish_word", "pk": 43, "fields": {"wish": 48, "word": 1}}, {"model": "genieioapp.wish_word", "pk": 44, "fields": {"wish": 48, "word": 1}}, {"model": "genieioapp.wish_word", "pk": 45, "fields": {"wish": 48, "word": 1}}, {"model": "genieioapp.wish_word", "pk": 46, "fields": {"wish": 48, "word": 1}}, {"model": "genieioapp.wish_word", "pk": 47, "fields": {"wish": 48, "word": 1}}, {"model": "genieioapp.wish_word", "pk": 48, "fields": {"wish": 48, "word": 1}}, {"model": "genieioapp.wish_word", "pk": 49, "fields": {"wish": 69, "word": 31}}, {"model": "genieioapp.wish_word", "pk": 50, "fields": {"wish": 69, "word": 32}}, {"model": "genieioapp.wish_word", "pk": 51, "fields": {"wish": 70, "word": 33}}, {"model": "genieioapp.wish_word", "pk": 52, "fields": {"wish": 71, "word": 33}}, {"model": "genieioapp.wish_word", "pk": 53, "fields": {"wish": 72, "word": 34}}, {"model": "genieioapp.wish_word", "pk": 54, "fields": {"wish": 73, "word": 33}}, {"model": "genieioapp.wish_word", "pk": 55, "fields": {"wish": 48, "word": 34}}, {"model": "genieioapp.wish_word", "pk": 56, "fields": {"wish": 48, "word": 35}}, {"model": "genieioapp.wish_word", "pk": 57, "fields": {"wish": 48, "word": 36}}, {"model": "genieioapp.wish_word", "pk": 58, "fields": {"wish": 48, "word": 37}}, {"model": "genieioapp.wish_word", "pk": 59, "fields": {"wish": 48, "word": 38}}, {"model": "genieioapp.wish_word", "pk": 60, "fields": {"wish": 48, "word": 39}}, {"model": "genieioapp.wish_word", "pk": 61, "fields": {"wish": 48, "word": 34}}, {"model": "genieioapp.wish_word", "pk": 62, "fields": {"wish": 48, "word": 35}}, {"model": "genieioapp.wish_word", "pk": 63, "fields": {"wish": 48, "word": 36}}, {"model": "genieioapp.wish_word", "pk": 64, "fields": {"wish": 48, "word": 37}}, {"model": "genieioapp.wish_word", "pk": 65, "fields": {"wish": 48, "word": 38}}, {"model": "genieioapp.wish_word", "pk": 66, "fields": {"wish": 48, "word": 39}}, {"model": "genieioapp.wish_word", "pk": 67, "fields": {"wish": 48, "word": 34}}, {"model": "genieioapp.wish_word", "pk": 68, "fields": {"wish": 48, "word": 35}}, {"model": "genieioapp.wish_word", "pk": 69, "fields": {"wish": 48, "word": 36}}, {"model": "genieioapp.wish_word", "pk": 70, "fields": {"wish": 48, "word": 37}}, {"model": "genieioapp.wish_word", "pk": 71, "fields": {"wish": 48, "word": 38}}, {"model": "genieioapp.wish_word", "pk": 72, "fields": {"wish": 48, "word": 39}}, {"model": "genieioapp.wish_word", "pk": 73, "fields": {"wish": 48, "word": 34}}, {"model": "genieioapp.wish_word", "pk": 74, "fields": {"wish": 48, "word": 35}}, {"model": "genieioapp.wish_word", "pk": 75, "fields": {"wish": 48, "word": 36}}, {"model": "genieioapp.wish_word", "pk": 76, "fields": {"wish": 48, "word": 37}}, {"model": "genieioapp.wish_word", "pk": 77, "fields": {"wish": 48, "word": 38}}, {"model": "genieioapp.wish_word", "pk": 78, "fields": {"wish": 48, "word": 39}}, {"model": "genieioapp.wish_word", "pk": 79, "fields": {"wish": 48, "word": 34}}, {"model": "genieioapp.wish_word", "pk": 80, "fields": {"wish": 48, "word": 35}}, {"model": "genieioapp.wish_word", "pk": 81, "fields": {"wish": 48, "word": 36}}, {"model": "genieioapp.wish_word", "pk": 82, "fields": {"wish": 48, "word": 37}}, {"model": "genieioapp.wish_word", "pk": 83, "fields": {"wish": 48, "word": 38}}, {"model": "genieioapp.wish_word", "pk": 84, "fields": {"wish": 48, "word": 39}}, {"model": "genieioapp.wish_word", "pk": 85, "fields": {"wish": 48, "word": 34}}, {"model": "genieioapp.wish_word", "pk": 86, "fields": {"wish": 48, "word": 35}}, {"model": "genieioapp.wish_word", "pk": 87, "fields": {"wish": 48, "word": 36}}, {"model": "genieioapp.wish_word", "pk": 88, "fields": {"wish": 48, "word": 37}}, {"model": "genieioapp.wish_word", "pk": 89, "fields": {"wish": 48, "word": 38}}, {"model": "genieioapp.wish_word", "pk": 90, "fields": {"wish": 48, "word": 39}}, {"model": "genieioapp.wish_word", "pk": 91, "fields": {"wish": 48, "word": 34}}, {"model": "genieioapp.wish_word", "pk": 92, "fields": {"wish": 48, "word": 35}}, {"model": "genieioapp.wish_word", "pk": 93, "fields": {"wish": 48, "word": 36}}, {"model": "genieioapp.wish_word", "pk": 94, "fields": {"wish": 48, "word": 37}}, {"model": "genieioapp.wish_word", "pk": 95, "fields": {"wish": 48, "word": 38}}, {"model": "genieioapp.wish_word", "pk": 96, "fields": {"wish": 48, "word": 39}}, {"model": "genieioapp.wish_word", "pk": 97, "fields": {"wish": 48, "word": 34}}, {"model": "genieioapp.wish_word", "pk": 98, "fields": {"wish": 48, "word": 35}}, {"model": "genieioapp.wish_word", "pk": 99, "fields": {"wish": 48, "word": 36}}, {"model": "genieioapp.wish_word", "pk": 100, "fields": {"wish": 48, "word": 37}}, {"model": "genieioapp.wish_word", "pk": 101, "fields": {"wish": 48, "word": 38}}, {"model": "genieioapp.wish_word", "pk": 102, "fields": {"wish": 48, "word": 39}}, {"model": "genieioapp.wish_word", "pk": 103, "fields": {"wish": 48, "word": 34}}, {"model": "genieioapp.wish_word", "pk": 104, "fields": {"wish": 48, "word": 35}}, {"model": "genieioapp.wish_word", "pk": 105, "fields": {"wish": 48, "word": 36}}, {"model": "genieioapp.wish_word", "pk": 106, "fields": {"wish": 48, "word": 37}}, {"model": "genieioapp.wish_word", "pk": 107, "fields": {"wish": 48, "word": 38}}, {"model": "genieioapp.wish_word", "pk": 108, "fields": {"wish": 48, "word": 39}}, {"model": "genieioapp.wish_word", "pk": 109, "fields": {"wish": 48, "word": 34}}, {"model": "genieioapp.wish_word", "pk": 110, "fields": {"wish": 48, "word": 35}}, {"model": "genieioapp.wish_word", "pk": 111, "fields": {"wish": 48, "word": 36}}, {"model": "genieioapp.wish_word", "pk": 112, "fields": {"wish": 48, "word": 37}}, {"model": "genieioapp.wish_word", "pk": 113, "fields": {"wish": 48, "word": 38}}, {"model": "genieioapp.wish_word", "pk": 114, "fields": {"wish": 48, "word": 39}}, {"model": "genieioapp.wish_word", "pk": 115, "fields": {"wish": 48, "word": 34}}, {"model": "genieioapp.wish_word", "pk": 116, "fields": {"wish": 48, "word": 35}}, {"model": "genieioapp.wish_word", "pk": 117, "fields": {"wish": 48, "word": 36}}, {"model": "genieioapp.wish_word", "pk": 118, "fields": {"wish": 48, "word": 37}}, {"model": "genieioapp.wish_word", "pk": 119, "fields": {"wish": 48, "word": 38}}, {"model": "genieioapp.wish_word", "pk": 120, "fields": {"wish": 48, "word": 39}}, {"model": "genieioapp.wish_word", "pk": 121, "fields": {"wish": 48, "word": 34}}, {"model": "genieioapp.wish_word", "pk": 122, "fields": {"wish": 48, "word": 35}}, {"model": "genieioapp.wish_word", "pk": 123, "fields": {"wish": 48, "word": 36}}, {"model": "genieioapp.wish_word", "pk": 124, "fields": {"wish": 48, "word": 37}}, {"model": "genieioapp.wish_word", "pk": 125, "fields": {"wish": 48, "word": 38}}, {"model": "genieioapp.wish_word", "pk": 126, "fields": {"wish": 48, "word": 39}}, {"model": "genieioapp.wish_word", "pk": 127, "fields": {"wish": 48, "word": 34}}, {"model": "genieioapp.wish_word", "pk": 128, "fields": {"wish": 48, "word": 35}}, {"model": "genieioapp.wish_word", "pk": 129, "fields": {"wish": 48, "word": 36}}, {"model": "genieioapp.wish_word", "pk": 130, "fields": {"wish": 48, "word": 37}}, {"model": "genieioapp.wish_word", "pk": 131, "fields": {"wish": 48, "word": 38}}, {"model": "genieioapp.wish_word", "pk": 132, "fields": {"wish": 48, "word": 39}}, {"model": "genieioapp.wish_word", "pk": 133, "fields": {"wish": 48, "word": 34}}, {"model": "genieioapp.wish_word", "pk": 134, "fields": {"wish": 48, "word": 35}}, {"model": "genieioapp.wish_word", "pk": 135, "fields": {"wish": 48, "word": 36}}, {"model": "genieioapp.wish_word", "pk": 136, "fields": {"wish": 48, "word": 37}}, {"model": "genieioapp.wish_word", "pk": 137, "fields": {"wish": 48, "word": 38}}, {"model": "genieioapp.wish_word", "pk": 138, "fields": {"wish": 48, "word": 39}}, {"model": "genieioapp.wish_word", "pk": 139, "fields": {"wish": 48, "word": 34}}, {"model": "genieioapp.wish_word", "pk": 140, "fields": {"wish": 48, "word": 35}}, {"model": "genieioapp.wish_word", "pk": 141, "fields": {"wish": 48, "word": 36}}, {"model": "genieioapp.wish_word", "pk": 142, "fields": {"wish": 48, "word": 37}}, {"model": "genieioapp.wish_word", "pk": 143, "fields": {"wish": 48, "word": 38}}, {"model": "genieioapp.wish_word", "pk": 144, "fields": {"wish": 48, "word": 39}}, {"model": "genieioapp.wish_word", "pk": 145, "fields": {"wish": 48, "word": 34}}, {"model": "genieioapp.wish_word", "pk": 146, "fields": {"wish": 48, "word": 35}}, {"model": "genieioapp.wish_word", "pk": 147, "fields": {"wish": 48, "word": 36}}, {"model": "genieioapp.wish_word", "pk": 148, "fields": {"wish": 48, "word": 37}}, {"model": "genieioapp.wish_word", "pk": 149, "fields": {"wish": 48, "word": 38}}, {"model": "genieioapp.wish_word", "pk": 150, "fields": {"wish": 48, "word": 39}}, {"model": "genieioapp.wish_word", "pk": 151, "fields": {"wish": 48, "word": 34}}, {"model": "genieioapp.wish_word", "pk": 152, "fields": {"wish": 48, "word": 35}}, {"model": "genieioapp.wish_word", "pk": 153, "fields": {"wish": 48, "word": 36}}, {"model": "genieioapp.wish_word", "pk": 154, "fields": {"wish": 48, "word": 37}}, {"model": "genieioapp.wish_word", "pk": 155, "fields": {"wish": 48, "word": 38}}, {"model": "genieioapp.wish_word", "pk": 156, "fields": {"wish": 48, "word": 39}}, {"model": "genieioapp.wish_word", "pk": 157, "fields": {"wish": 48, "word": 34}}, {"model": "genieioapp.wish_word", "pk": 158, "fields": {"wish": 48, "word": 35}}, {"model": "genieioapp.wish_word", "pk": 159, "fields": {"wish": 48, "word": 36}}, {"model": "genieioapp.wish_word", "pk": 160, "fields": {"wish": 48, "word": 37}}, {"model": "genieioapp.wish_word", "pk": 161, "fields": {"wish": 48, "word": 38}}, {"model": "genieioapp.wish_word", "pk": 162, "fields": {"wish": 48, "word": 39}}, {"model": "genieioapp.wish_word", "pk": 163, "fields": {"wish": 48, "word": 34}}, {"model": "genieioapp.wish_word", "pk": 164, "fields": {"wish": 48, "word": 35}}, {"model": "genieioapp.wish_word", "pk": 165, "fields": {"wish": 48, "word": 36}}, {"model": "genieioapp.wish_word", "pk": 166, "fields": {"wish": 48, "word": 37}}, {"model": "genieioapp.wish_word", "pk": 167, "fields": {"wish": 48, "word": 38}}, {"model": "genieioapp.wish_word", "pk": 168, "fields": {"wish": 48, "word": 39}}, {"model": "genieioapp.wish_word", "pk": 169, "fields": {"wish": 48, "word": 34}}, {"model": "genieioapp.wish_word", "pk": 170, "fields": {"wish": 48, "word": 35}}, {"model": "genieioapp.wish_word", "pk": 171, "fields": {"wish": 48, "word": 36}}, {"model": "genieioapp.wish_word", "pk": 172, "fields": {"wish": 48, "word": 37}}, {"model": "genieioapp.wish_word", "pk": 173, "fields": {"wish": 48, "word": 38}}, {"model": "genieioapp.wish_word", "pk": 174, "fields": {"wish": 48, "word": 39}}, {"model": "genieioapp.wish_word", "pk": 175, "fields": {"wish": 48, "word": 34}}, {"model": "genieioapp.wish_word", "pk": 176, "fields": {"wish": 48, "word": 35}}, {"model": "genieioapp.wish_word", "pk": 177, "fields": {"wish": 48, "word": 36}}, {"model": "genieioapp.wish_word", "pk": 178, "fields": {"wish": 48, "word": 37}}, {"model": "genieioapp.wish_word", "pk": 179, "fields": {"wish": 48, "word": 38}}, {"model": "genieioapp.wish_word", "pk": 180, "fields": {"wish": 48, "word": 39}}, {"model": "genieioapp.wish_word", "pk": 181, "fields": {"wish": 48, "word": 34}}, {"model": "genieioapp.wish_word", "pk": 182, "fields": {"wish": 48, "word": 35}}, {"model": "genieioapp.wish_word", "pk": 183, "fields": {"wish": 48, "word": 36}}, {"model": "genieioapp.wish_word", "pk": 184, "fields": {"wish": 48, "word": 37}}, {"model": "genieioapp.wish_word", "pk": 185, "fields": {"wish": 48, "word": 38}}, {"model": "genieioapp.wish_word", "pk": 186, "fields": {"wish": 48, "word": 39}}, {"model": "genieioapp.wish_word", "pk": 187, "fields": {"wish": 48, "word": 34}}, {"model": "genieioapp.wish_word", "pk": 188, "fields": {"wish": 48, "word": 35}}, {"model": "genieioapp.wish_word", "pk": 189, "fields": {"wish": 48, "word": 36}}, {"model": "genieioapp.wish_word", "pk": 190, "fields": {"wish": 48, "word": 37}}, {"model": "genieioapp.wish_word", "pk": 191, "fields": {"wish": 48, "word": 38}}, {"model": "genieioapp.wish_word", "pk": 192, "fields": {"wish": 48, "word": 39}}, {"model": "genieioapp.wish_word", "pk": 193, "fields": {"wish": 48, "word": 34}}, {"model": "genieioapp.wish_word", "pk": 194, "fields": {"wish": 48, "word": 35}}, {"model": "genieioapp.wish_word", "pk": 195, "fields": {"wish": 48, "word": 36}}, {"model": "genieioapp.wish_word", "pk": 196, "fields": {"wish": 48, "word": 37}}, {"model": "genieioapp.wish_word", "pk": 197, "fields": {"wish": 48, "word": 38}}, {"model": "genieioapp.wish_word", "pk": 198, "fields": {"wish": 48, "word": 39}}, {"model": "genieioapp.wish_word", "pk": 199, "fields": {"wish": 48, "word": 34}}, {"model": "genieioapp.wish_word", "pk": 200, "fields": {"wish": 48, "word": 35}}, {"model": "genieioapp.wish_word", "pk": 201, "fields": {"wish": 48, "word": 36}}, {"model": "genieioapp.wish_word", "pk": 202, "fields": {"wish": 48, "word": 37}}, {"model": "genieioapp.wish_word", "pk": 203, "fields": {"wish": 48, "word": 38}}, {"model": "genieioapp.wish_word", "pk": 204, "fields": {"wish": 48, "word": 39}}, {"model": "genieioapp.wish_word", "pk": 205, "fields": {"wish": 48, "word": 34}}, {"model": "genieioapp.wish_word", "pk": 206, "fields": {"wish": 48, "word": 35}}, {"model": "genieioapp.wish_word", "pk": 207, "fields": {"wish": 48, "word": 36}}, {"model": "genieioapp.wish_word", "pk": 208, "fields": {"wish": 48, "word": 37}}, {"model": "genieioapp.wish_word", "pk": 209, "fields": {"wish": 48, "word": 38}}, {"model": "genieioapp.wish_word", "pk": 210, "fields": {"wish": 48, "word": 39}}, {"model": "genieioapp.wish_word", "pk": 211, "fields": {"wish": 48, "word": 34}}, {"model": "genieioapp.wish_word", "pk": 212, "fields": {"wish": 48, "word": 35}}, {"model": "genieioapp.wish_word", "pk": 213, "fields": {"wish": 48, "word": 36}}, {"model": "genieioapp.wish_word", "pk": 214, "fields": {"wish": 48, "word": 37}}, {"model": "genieioapp.wish_word", "pk": 215, "fields": {"wish": 48, "word": 38}}, {"model": "genieioapp.wish_word", "pk": 216, "fields": {"wish": 48, "word": 39}}, {"model": "genieioapp.wish_word", "pk": 217, "fields": {"wish": 48, "word": 34}}, {"model": "genieioapp.wish_word", "pk": 218, "fields": {"wish": 48, "word": 35}}, {"model": "genieioapp.wish_word", "pk": 219, "fields": {"wish": 48, "word": 36}}, {"model": "genieioapp.wish_word", "pk": 220, "fields": {"wish": 48, "word": 37}}, {"model": "genieioapp.wish_word", "pk": 221, "fields": {"wish": 48, "word": 38}}, {"model": "genieioapp.wish_word", "pk": 222, "fields": {"wish": 48, "word": 39}}, {"model": "genieioapp.wish_word", "pk": 223, "fields": {"wish": 48, "word": 34}}, {"model": "genieioapp.wish_word", "pk": 224, "fields": {"wish": 48, "word": 35}}, {"model": "genieioapp.wish_word", "pk": 225, "fields": {"wish": 48, "word": 36}}, {"model": "genieioapp.wish_word", "pk": 226, "fields": {"wish": 48, "word": 37}}, {"model": "genieioapp.wish_word", "pk": 227, "fields": {"wish": 48, "word": 38}}, {"model": "genieioapp.wish_word", "pk": 228, "fields": {"wish": 48, "word": 39}}, {"model": "genieioapp.wish_word", "pk": 229, "fields": {"wish": 48, "word": 34}}, {"model": "genieioapp.wish_word", "pk": 230, "fields": {"wish": 48, "word": 35}}, {"model": "genieioapp.wish_word", "pk": 231, "fields": {"wish": 48, "word": 36}}, {"model": "genieioapp.wish_word", "pk": 232, "fields": {"wish": 48, "word": 37}}, {"model": "genieioapp.wish_word", "pk": 233, "fields": {"wish": 48, "word": 38}}, {"model": "genieioapp.wish_word", "pk": 234, "fields": {"wish": 48, "word": 39}}, {"model": "genieioapp.wish_word", "pk": 235, "fields": {"wish": 48, "word": 34}}, {"model": "genieioapp.wish_word", "pk": 236, "fields": {"wish": 48, "word": 35}}, {"model": "genieioapp.wish_word", "pk": 237, "fields": {"wish": 48, "word": 36}}, {"model": "genieioapp.wish_word", "pk": 238, "fields": {"wish": 48, "word": 37}}, {"model": "genieioapp.wish_word", "pk": 239, "fields": {"wish": 48, "word": 38}}, {"model": "genieioapp.wish_word", "pk": 240, "fields": {"wish": 48, "word": 39}}, {"model": "genieioapp.wish_word", "pk": 241, "fields": {"wish": 48, "word": 34}}, {"model": "genieioapp.wish_word", "pk": 242, "fields": {"wish": 48, "word": 35}}, {"model": "genieioapp.wish_word", "pk": 243, "fields": {"wish": 48, "word": 36}}, {"model": "genieioapp.wish_word", "pk": 244, "fields": {"wish": 48, "word": 37}}, {"model": "genieioapp.wish_word", "pk": 245, "fields": {"wish": 48, "word": 38}}, {"model": "genieioapp.wish_word", "pk": 246, "fields": {"wish": 48, "word": 39}}, {"model": "genieioapp.wish_word", "pk": 247, "fields": {"wish": 48, "word": 34}}, {"model": "genieioapp.wish_word", "pk": 248, "fields": {"wish": 48, "word": 35}}, {"model": "genieioapp.wish_word", "pk": 249, "fields": {"wish": 48, "word": 36}}, {"model": "genieioapp.wish_word", "pk": 250, "fields": {"wish": 48, "word": 37}}, {"model": "genieioapp.wish_word", "pk": 251, "fields": {"wish": 48, "word": 38}}, {"model": "genieioapp.wish_word", "pk": 252, "fields": {"wish": 48, "word": 39}}, {"model": "genieioapp.wish_word", "pk": 253, "fields": {"wish": 48, "word": 34}}, {"model": "genieioapp.wish_word", "pk": 254, "fields": {"wish": 48, "word": 35}}, {"model": "genieioapp.wish_word", "pk": 255, "fields": {"wish": 48, "word": 36}}, {"model": "genieioapp.wish_word", "pk": 256, "fields": {"wish": 48, "word": 37}}, {"model": "genieioapp.wish_word", "pk": 257, "fields": {"wish": 48, "word": 38}}, {"model": "genieioapp.wish_word", "pk": 258, "fields": {"wish": 48, "word": 39}}, {"model": "genieioapp.wish_word", "pk": 259, "fields": {"wish": 48, "word": 34}}, {"model": "genieioapp.wish_word", "pk": 260, "fields": {"wish": 48, "word": 35}}, {"model": "genieioapp.wish_word", "pk": 261, "fields": {"wish": 48, "word": 36}}, {"model": "genieioapp.wish_word", "pk": 262, "fields": {"wish": 48, "word": 37}}, {"model": "genieioapp.wish_word", "pk": 263, "fields": {"wish": 48, "word": 38}}, {"model": "genieioapp.wish_word", "pk": 264, "fields": {"wish": 48, "word": 39}}, {"model": "genieioapp.wish_word", "pk": 265, "fields": {"wish": 48, "word": 34}}, {"model": "genieioapp.wish_word", "pk": 266, "fields": {"wish": 48, "word": 35}}, {"model": "genieioapp.wish_word", "pk": 267, "fields": {"wish": 48, "word": 36}}, {"model": "genieioapp.wish_word", "pk": 268, "fields": {"wish": 48, "word": 37}}, {"model": "genieioapp.wish_word", "pk": 269, "fields": {"wish": 48, "word": 38}}, {"model": "genieioapp.wish_word", "pk": 270, "fields": {"wish": 48, "word": 39}}, {"model": "genieioapp.wish_word", "pk": 271, "fields": {"wish": 48, "word": 34}}, {"model": "genieioapp.wish_word", "pk": 272, "fields": {"wish": 48, "word": 35}}, {"model": "genieioapp.wish_word", "pk": 273, "fields": {"wish": 48, "word": 36}}, {"model": "genieioapp.wish_word", "pk": 274, "fields": {"wish": 48, "word": 37}}, {"model": "genieioapp.wish_word", "pk": 275, "fields": {"wish": 48, "word": 38}}, {"model": "genieioapp.wish_word", "pk": 276, "fields": {"wish": 48, "word": 39}}, {"model": "genieioapp.wish_word", "pk": 277, "fields": {"wish": 48, "word": 34}}, {"model": "genieioapp.wish_word", "pk": 278, "fields": {"wish": 48, "word": 35}}, {"model": "genieioapp.wish_word", "pk": 279, "fields": {"wish": 48, "word": 36}}, {"model": "genieioapp.wish_word", "pk": 280, "fields": {"wish": 48, "word": 37}}, {"model": "genieioapp.wish_word", "pk": 281, "fields": {"wish": 48, "word": 38}}, {"model": "genieioapp.wish_word", "pk": 282, "fields": {"wish": 48, "word": 39}}, {"model": "genieioapp.wish_word", "pk": 283, "fields": {"wish": 48, "word": 34}}, {"model": "genieioapp.wish_word", "pk": 284, "fields": {"wish": 48, "word": 35}}, {"model": "genieioapp.wish_word", "pk": 285, "fields": {"wish": 48, "word": 36}}, {"model": "genieioapp.wish_word", "pk": 286, "fields": {"wish": 48, "word": 37}}, {"model": "genieioapp.wish_word", "pk": 287, "fields": {"wish": 48, "word": 38}}, {"model": "genieioapp.wish_word", "pk": 288, "fields": {"wish": 48, "word": 39}}, {"model": "genieioapp.wish_word", "pk": 289, "fields": {"wish": 48, "word": 34}}, {"model": "genieioapp.wish_word", "pk": 290, "fields": {"wish": 48, "word": 35}}, {"model": "genieioapp.wish_word", "pk": 291, "fields": {"wish": 48, "word": 36}}, {"model": "genieioapp.wish_word", "pk": 292, "fields": {"wish": 48, "word": 37}}, {"model": "genieioapp.wish_word", "pk": 293, "fields": {"wish": 48, "word": 38}}, {"model": "genieioapp.wish_word", "pk": 294, "fields": {"wish": 48, "word": 39}}, {"model": "genieioapp.wish_word", "pk": 295, "fields": {"wish": 48, "word": 34}}, {"model": "genieioapp.wish_word", "pk": 296, "fields": {"wish": 48, "word": 35}}, {"model": "genieioapp.wish_word", "pk": 297, "fields": {"wish": 48, "word": 36}}, {"model": "genieioapp.wish_word", "pk": 298, "fields": {"wish": 48, "word": 37}}, {"model": "genieioapp.wish_word", "pk": 299, "fields": {"wish": 48, "word": 38}}, {"model": "genieioapp.wish_word", "pk": 300, "fields": {"wish": 48, "word": 39}}, {"model": "genieioapp.wish_word", "pk": 301, "fields": {"wish": 48, "word": 34}}, {"model": "genieioapp.wish_word", "pk": 302, "fields": {"wish": 48, "word": 35}}, {"model": "genieioapp.wish_word", "pk": 303, "fields": {"wish": 48, "word": 36}}, {"model": "genieioapp.wish_word", "pk": 304, "fields": {"wish": 48, "word": 37}}, {"model": "genieioapp.wish_word", "pk": 305, "fields": {"wish": 48, "word": 38}}, {"model": "genieioapp.wish_word", "pk": 306, "fields": {"wish": 48, "word": 39}}, {"model": "genieioapp.wish_word", "pk": 307, "fields": {"wish": 48, "word": 34}}, {"model": "genieioapp.wish_word", "pk": 308, "fields": {"wish": 48, "word": 35}}, {"model": "genieioapp.wish_word", "pk": 309, "fields": {"wish": 48, "word": 36}}, {"model": "genieioapp.wish_word", "pk": 310, "fields": {"wish": 48, "word": 37}}, {"model": "genieioapp.wish_word", "pk": 311, "fields": {"wish": 48, "word": 38}}, {"model": "genieioapp.wish_word", "pk": 312, "fields": {"wish": 48, "word": 39}}, {"model": "genieioapp.wish_word", "pk": 313, "fields": {"wish": 48, "word": 34}}, {"model": "genieioapp.wish_word", "pk": 314, "fields": {"wish": 48, "word": 35}}, {"model": "genieioapp.wish_word", "pk": 315, "fields": {"wish": 48, "word": 36}}, {"model": "genieioapp.wish_word", "pk": 316, "fields": {"wish": 48, "word": 37}}, {"model": "genieioapp.wish_word", "pk": 317, "fields": {"wish": 48, "word": 38}}, {"model": "genieioapp.wish_word", "pk": 318, "fields": {"wish": 48, "word": 39}}, {"model": "genieioapp.wish_word", "pk": 319, "fields": {"wish": 48, "word": 34}}, {"model": "genieioapp.wish_word", "pk": 320, "fields": {"wish": 48, "word": 35}}, {"model": "genieioapp.wish_word", "pk": 321, "fields": {"wish": 48, "word": 36}}, {"model": "genieioapp.wish_word", "pk": 322, "fields": {"wish": 48, "word": 37}}, {"model": "genieioapp.wish_word", "pk": 323, "fields": {"wish": 48, "word": 38}}, {"model": "genieioapp.wish_word", "pk": 324, "fields": {"wish": 48, "word": 39}}, {"model": "genieioapp.wish_word", "pk": 325, "fields": {"wish": 48, "word": 34}}, {"model": "genieioapp.wish_word", "pk": 326, "fields": {"wish": 48, "word": 35}}, {"model": "genieioapp.wish_word", "pk": 327, "fields": {"wish": 48, "word": 36}}, {"model": "genieioapp.wish_word", "pk": 328, "fields": {"wish": 48, "word": 37}}, {"model": "genieioapp.wish_word", "pk": 329, "fields": {"wish": 48, "word": 38}}, {"model": "genieioapp.wish_word", "pk": 330, "fields": {"wish": 48, "word": 39}}, {"model": "genieioapp.wish_word", "pk": 331, "fields": {"wish": 48, "word": 34}}, {"model": "genieioapp.wish_word", "pk": 332, "fields": {"wish": 48, "word": 35}}, {"model": "genieioapp.wish_word", "pk": 333, "fields": {"wish": 48, "word": 36}}, {"model": "genieioapp.wish_word", "pk": 334, "fields": {"wish": 48, "word": 37}}, {"model": "genieioapp.wish_word", "pk": 335, "fields": {"wish": 48, "word": 38}}, {"model": "genieioapp.wish_word", "pk": 336, "fields": {"wish": 48, "word": 39}}, {"model": "genieioapp.wish_word", "pk": 337, "fields": {"wish": 48, "word": 34}}, {"model": "genieioapp.wish_word", "pk": 338, "fields": {"wish": 48, "word": 35}}, {"model": "genieioapp.wish_word", "pk": 339, "fields": {"wish": 48, "word": 36}}, {"model": "genieioapp.wish_word", "pk": 340, "fields": {"wish": 48, "word": 37}}, {"model": "genieioapp.wish_word", "pk": 341, "fields": {"wish": 48, "word": 38}}, {"model": "genieioapp.wish_word", "pk": 342, "fields": {"wish": 48, "word": 39}}, {"model": "genieioapp.wish_word", "pk": 343, "fields": {"wish": 48, "word": 34}}, {"model": "genieioapp.wish_word", "pk": 344, "fields": {"wish": 48, "word": 35}}, {"model": "genieioapp.wish_word", "pk": 345, "fields": {"wish": 48, "word": 36}}, {"model": "genieioapp.wish_word", "pk": 346, "fields": {"wish": 48, "word": 37}}, {"model": "genieioapp.wish_word", "pk": 347, "fields": {"wish": 48, "word": 38}}, {"model": "genieioapp.wish_word", "pk": 348, "fields": {"wish": 48, "word": 39}}, {"model": "genieioapp.wish_word", "pk": 349, "fields": {"wish": 48, "word": 34}}, {"model": "genieioapp.wish_word", "pk": 350, "fields": {"wish": 48, "word": 35}}, {"model": "genieioapp.wish_word", "pk": 351, "fields": {"wish": 48, "word": 36}}, {"model": "genieioapp.wish_word", "pk": 352, "fields": {"wish": 48, "word": 37}}, {"model": "genieioapp.wish_word", "pk": 353, "fields": {"wish": 48, "word": 38}}, {"model": "genieioapp.wish_word", "pk": 354, "fields": {"wish": 48, "word": 39}}, {"model": "genieioapp.wish_word", "pk": 355, "fields": {"wish": 48, "word": 34}}, {"model": "genieioapp.wish_word", "pk": 356, "fields": {"wish": 48, "word": 35}}, {"model": "genieioapp.wish_word", "pk": 357, "fields": {"wish": 48, "word": 36}}, {"model": "genieioapp.wish_word", "pk": 358, "fields": {"wish": 48, "word": 37}}, {"model": "genieioapp.wish_word", "pk": 359, "fields": {"wish": 48, "word": 38}}, {"model": "genieioapp.wish_word", "pk": 360, "fields": {"wish": 48, "word": 39}}, {"model": "genieioapp.wish_word", "pk": 361, "fields": {"wish": 48, "word": 34}}, {"model": "genieioapp.wish_word", "pk": 362, "fields": {"wish": 48, "word": 35}}, {"model": "genieioapp.wish_word", "pk": 363, "fields": {"wish": 48, "word": 36}}, {"model": "genieioapp.wish_word", "pk": 364, "fields": {"wish": 48, "word": 37}}, {"model": "genieioapp.wish_word", "pk": 365, "fields": {"wish": 48, "word": 38}}, {"model": "genieioapp.wish_word", "pk": 366, "fields": {"wish": 48, "word": 39}}, {"model": "genieioapp.wish_word", "pk": 367, "fields": {"wish": 48, "word": 34}}, {"model": "genieioapp.wish_word", "pk": 368, "fields": {"wish": 48, "word": 35}}, {"model": "genieioapp.wish_word", "pk": 369, "fields": {"wish": 48, "word": 36}}, {"model": "genieioapp.wish_word", "pk": 370, "fields": {"wish": 48, "word": 37}}, {"model": "genieioapp.wish_word", "pk": 371, "fields": {"wish": 48, "word": 38}}, {"model": "genieioapp.wish_word", "pk": 372, "fields": {"wish": 48, "word": 39}}, {"model": "genieioapp.wish_word", "pk": 373, "fields": {"wish": 48, "word": 34}}, {"model": "genieioapp.wish_word", "pk": 374, "fields": {"wish": 48, "word": 35}}, {"model": "genieioapp.wish_word", "pk": 375, "fields": {"wish": 48, "word": 36}}, {"model": "genieioapp.wish_word", "pk": 376, "fields": {"wish": 48, "word": 37}}, {"model": "genieioapp.wish_word", "pk": 377, "fields": {"wish": 48, "word": 38}}, {"model": "genieioapp.wish_word", "pk": 378, "fields": {"wish": 48, "word": 39}}, {"model": "genieioapp.wish_word", "pk": 379, "fields": {"wish": 48, "word": 34}}, {"model": "genieioapp.wish_word", "pk": 380, "fields": {"wish": 48, "word": 35}}, {"model": "genieioapp.wish_word", "pk": 381, "fields": {"wish": 48, "word": 36}}, {"model": "genieioapp.wish_word", "pk": 382, "fields": {"wish": 48, "word": 37}}, {"model": "genieioapp.wish_word", "pk": 383, "fields": {"wish": 48, "word": 38}}, {"model": "genieioapp.wish_word", "pk": 384, "fields": {"wish": 48, "word": 39}}, {"model": "genieioapp.wish_word", "pk": 385, "fields": {"wish": 48, "word": 34}}, {"model": "genieioapp.wish_word", "pk": 386, "fields": {"wish": 48, "word": 35}}, {"model": "genieioapp.wish_word", "pk": 387, "fields": {"wish": 48, "word": 36}}, {"model": "genieioapp.wish_word", "pk": 388, "fields": {"wish": 48, "word": 37}}, {"model": "genieioapp.wish_word", "pk": 389, "fields": {"wish": 48, "word": 38}}, {"model": "genieioapp.wish_word", "pk": 390, "fields": {"wish": 48, "word": 39}}, {"model": "genieioapp.wish_word", "pk": 391, "fields": {"wish": 48, "word": 34}}, {"model": "genieioapp.wish_word", "pk": 392, "fields": {"wish": 48, "word": 35}}, {"model": "genieioapp.wish_word", "pk": 393, "fields": {"wish": 48, "word": 36}}, {"model": "genieioapp.wish_word", "pk": 394, "fields": {"wish": 48, "word": 37}}, {"model": "genieioapp.wish_word", "pk": 395, "fields": {"wish": 48, "word": 38}}, {"model": "genieioapp.wish_word", "pk": 396, "fields": {"wish": 48, "word": 39}}, {"model": "genieioapp.wish_word", "pk": 397, "fields": {"wish": 48, "word": 34}}, {"model": "genieioapp.wish_word", "pk": 398, "fields": {"wish": 48, "word": 35}}, {"model": "genieioapp.wish_word", "pk": 399, "fields": {"wish": 48, "word": 36}}, {"model": "genieioapp.wish_word", "pk": 400, "fields": {"wish": 48, "word": 37}}, {"model": "genieioapp.wish_word", "pk": 401, "fields": {"wish": 48, "word": 38}}, {"model": "genieioapp.wish_word", "pk": 402, "fields": {"wish": 48, "word": 39}}, {"model": "genieioapp.wish_word", "pk": 403, "fields": {"wish": 48, "word": 8}}, {"model": "genieioapp.wish_word", "pk": 404, "fields": {"wish": 48, "word": 8}}, {"model": "genieioapp.wish_word", "pk": 405, "fields": {"wish": 48, "word": 8}}, {"model": "genieioapp.wish_word", "pk": 406, "fields": {"wish": 48, "word": 8}}, {"model": "genieioapp.wish_word", "pk": 407, "fields": {"wish": 48, "word": 8}}, {"model": "genieioapp.wish_word", "pk": 408, "fields": {"wish": 48, "word": 8}}, {"model": "genieioapp.wish_word", "pk": 409, "fields": {"wish": 48, "word": 8}}, {"model": "genieioapp.wish_word", "pk": 410, "fields": {"wish": 48, "word": 8}}, {"model": "genieioapp.wish_word", "pk": 411, "fields": {"wish": 48, "word": 8}}, {"model": "genieioapp.wish_word", "pk": 412, "fields": {"wish": 48, "word": 8}}, {"model": "genieioapp.wish_word", "pk": 413, "fields": {"wish": 48, "word": 8}}, {"model": "genieioapp.wish_word", "pk": 414, "fields": {"wish": 48, "word": 8}}, {"model": "genieioapp.wish_word", "pk": 415, "fields": {"wish": 48, "word": 8}}, {"model": "genieioapp.wish_word", "pk": 416, "fields": {"wish": 48, "word": 8}}, {"model": "genieioapp.wish_word", "pk": 417, "fields": {"wish": 48, "word": 8}}, {"model": "genieioapp.wish_word", "pk": 418, "fields": {"wish": 48, "word": 8}}, {"model": "genieioapp.wish_word", "pk": 419, "fields": {"wish": 48, "word": 8}}, {"model": "genieioapp.wish_word", "pk": 420, "fields": {"wish": 48, "word": 8}}, {"model": "genieioapp.wish_word", "pk": 421, "fields": {"wish": 48, "word": 8}}, {"model": "genieioapp.wish_word", "pk": 422, "fields": {"wish": 48, "word": 10}}, {"model": "genieioapp.wish_word", "pk": 423, "fields": {"wish": 48, "word": 10}}, {"model": "genieioapp.wish_word", "pk": 424, "fields": {"wish": 48, "word": 10}}, {"model": "genieioapp.wish_word", "pk": 425, "fields": {"wish": 48, "word": 10}}, {"model": "genieioapp.wish_word", "pk": 426, "fields": {"wish": 48, "word": 10}}, {"model": "genieioapp.wish_word", "pk": 427, "fields": {"wish": 48, "word": 10}}, {"model": "genieioapp.wish_word", "pk": 428, "fields": {"wish": 48, "word": 10}}, {"model": "genieioapp.wish_word", "pk": 429, "fields": {"wish": 48, "word": 10}}, {"model": "genieioapp.wish_word", "pk": 430, "fields": {"wish": 48, "word": 10}}, {"model": "genieioapp.wish_word", "pk": 431, "fields": {"wish": 48, "word": 10}}, {"model": "genieioapp.wish_word", "pk": 432, "fields": {"wish": 48, "word": 10}}, {"model": "genieioapp.wish_word", "pk": 433, "fields": {"wish": 48, "word": 10}}, {"model": "genieioapp.wish_word", "pk": 434, "fields": {"wish": 48, "word": 10}}, {"model": "genieioapp.wish_word", "pk": 435, "fields": {"wish": 48, "word": 10}}, {"model": "genieioapp.wish_word", "pk": 436, "fields": {"wish": 48, "word": 10}}, {"model": "genieioapp.wish_word", "pk": 437, "fields": {"wish": 48, "word": 10}}, {"model": "genieioapp.wish_word", "pk": 438, "fields": {"wish": 48, "word": 10}}, {"model": "genieioapp.wish_word", "pk": 439, "fields": {"wish": 48, "word": 10}}, {"model": "genieioapp.wish_word", "pk": 440, "fields": {"wish": 48, "word": 10}}, {"model": "genieioapp.wish_word", "pk": 441, "fields": {"wish": 48, "word": 10}}, {"model": "genieioapp.wish_word", "pk": 442, "fields": {"wish": 48, "word": 8}}, {"model": "genieioapp.wish_word", "pk": 443, "fields": {"wish": 48, "word": 8}}, {"model": "genieioapp.wish_word", "pk": 444, "fields": {"wish": 48, "word": 8}}, {"model": "genieioapp.wish_word", "pk": 445, "fields": {"wish": 48, "word": 8}}, {"model": "genieioapp.wish_word", "pk": 446, "fields": {"wish": 48, "word": 8}}, {"model": "genieioapp.wish_word", "pk": 447, "fields": {"wish": 48, "word": 8}}, {"model": "genieioapp.wish_word", "pk": 448, "fields": {"wish": 48, "word": 8}}, {"model": "genieioapp.wish_word", "pk": 449, "fields": {"wish": 48, "word": 8}}, {"model": "genieioapp.wish_word", "pk": 450, "fields": {"wish": 48, "word": 8}}, {"model": "genieioapp.wish_word", "pk": 451, "fields": {"wish": 48, "word": 8}}, {"model": "genieioapp.wish_word", "pk": 452, "fields": {"wish": 48, "word": 8}}, {"model": "genieioapp.wish_word", "pk": 453, "fields": {"wish": 48, "word": 8}}, {"model": "genieioapp.wish_word", "pk": 454, "fields": {"wish": 48, "word": 8}}, {"model": "genieioapp.wish_word", "pk": 455, "fields": {"wish": 48, "word": 8}}, {"model": "genieioapp.wish_word", "pk": 456, "fields": {"wish": 48, "word": 8}}, {"model": "genieioapp.wish_word", "pk": 457, "fields": {"wish": 48, "word": 8}}, {"model": "genieioapp.wish_word", "pk": 458, "fields": {"wish": 48, "word": 8}}, {"model": "genieioapp.wish_word", "pk": 459, "fields": {"wish": 48, "word": 41}}, {"model": "genieioapp.wish_word", "pk": 460, "fields": {"wish": 48, "word": 41}}, {"model": "genieioapp.wish_word", "pk": 461, "fields": {"wish": 48, "word": 41}}, {"model": "genieioapp.wish_word", "pk": 462, "fields": {"wish": 48, "word": 41}}, {"model": "genieioapp.wish_word", "pk": 463, "fields": {"wish": 48, "word": 41}}, {"model": "genieioapp.wish_word", "pk": 464, "fields": {"wish": 48, "word": 41}}, {"model": "genieioapp.wish_word", "pk": 465, "fields": {"wish": 48, "word": 41}}, {"model": "genieioapp.wish_word", "pk": 466, "fields": {"wish": 48, "word": 22}}, {"model": "genieioapp.wish_word", "pk": 467, "fields": {"wish": 48, "word": 22}}, {"model": "genieioapp.wish_word", "pk": 468, "fields": {"wish": 48, "word": 22}}, {"model": "genieioapp.wish_word", "pk": 469, "fields": {"wish": 48, "word": 22}}, {"model": "genieioapp.wish_word", "pk": 470, "fields": {"wish": 48, "word": 22}}, {"model": "genieioapp.wish_word", "pk": 471, "fields": {"wish": 48, "word": 22}}, {"model": "genieioapp.wish_word", "pk": 472, "fields": {"wish": 48, "word": 22}}, {"model": "genieioapp.wish_word", "pk": 473, "fields": {"wish": 48, "word": 22}}, {"model": "genieioapp.wish_word", "pk": 474, "fields": {"wish": 48, "word": 22}}, {"model": "genieioapp.wish_word", "pk": 475, "fields": {"wish": 48, "word": 22}}, {"model": "genieioapp.wish_word", "pk": 476, "fields": {"wish": 48, "word": 22}}, {"model": "genieioapp.wish_word", "pk": 477, "fields": {"wish": 48, "word": 22}}, {"model": "genieioapp.wish_word", "pk": 478, "fields": {"wish": 48, "word": 22}}, {"model": "genieioapp.wish_word", "pk": 479, "fields": {"wish": 48, "word": 12}}, {"model": "genieioapp.wish_word", "pk": 480, "fields": {"wish": 48, "word": 12}}, {"model": "genieioapp.wish_word", "pk": 481, "fields": {"wish": 48, "word": 12}}, {"model": "genieioapp.wish_word", "pk": 482, "fields": {"wish": 48, "word": 12}}, {"model": "genieioapp.wish_word", "pk": 483, "fields": {"wish": 48, "word": 12}}, {"model": "genieioapp.wish_word", "pk": 484, "fields": {"wish": 48, "word": 12}}, {"model": "genieioapp.wish_word", "pk": 485, "fields": {"wish": 48, "word": 12}}, {"model": "genieioapp.wish_word", "pk": 486, "fields": {"wish": 48, "word": 12}}, {"model": "genieioapp.wish_word", "pk": 487, "fields": {"wish": 48, "word": 12}}, {"model": "genieioapp.wish_word", "pk": 488, "fields": {"wish": 48, "word": 12}}, {"model": "genieioapp.wish_word", "pk": 489, "fields": {"wish": 48, "word": 12}}, {"model": "genieioapp.wish_word", "pk": 490, "fields": {"wish": 48, "word": 12}}, {"model": "genieioapp.wish_word", "pk": 491, "fields": {"wish": 48, "word": 12}}, {"model": "genieioapp.wish_word", "pk": 492, "fields": {"wish": 48, "word": 22}}, {"model": "genieioapp.wish_word", "pk": 493, "fields": {"wish": 48, "word": 22}}, {"model": "genieioapp.wish_word", "pk": 494, "fields": {"wish": 48, "word": 22}}, {"model": "genieioapp.wish_word", "pk": 495, "fields": {"wish": 48, "word": 33}}, {"model": "genieioapp.wish_word", "pk": 496, "fields": {"wish": 48, "word": 33}}, {"model": "genieioapp.wish_word", "pk": 497, "fields": {"wish": 48, "word": 33}}, {"model": "genieioapp.wish_word", "pk": 498, "fields": {"wish": 48, "word": 33}}, {"model": "genieioapp.wish_word", "pk": 499, "fields": {"wish": 48, "word": 33}}, {"model": "genieioapp.wish_word", "pk": 500, "fields": {"wish": 48, "word": 33}}, {"model": "genieioapp.wish_word", "pk": 501, "fields": {"wish": 48, "word": 33}}, {"model": "genieioapp.wish_word", "pk": 502, "fields": {"wish": 48, "word": 33}}, {"model": "genieioapp.wish_word", "pk": 503, "fields": {"wish": 48, "word": 33}}, {"model": "genieioapp.wish_word", "pk": 504, "fields": {"wish": 48, "word": 33}}, {"model": "genieioapp.wish_word", "pk": 505, "fields": {"wish": 48, "word": 41}}, {"model": "genieioapp.wish_word", "pk": 506, "fields": {"wish": 48, "word": 41}}, {"model": "genieioapp.wish_word", "pk": 507, "fields": {"wish": 48, "word": 41}}, {"model": "genieioapp.wish_word", "pk": 508, "fields": {"wish": 48, "word": 41}}, {"model": "genieioapp.wish_word", "pk": 509, "fields": {"wish": 48, "word": 41}}, {"model": "genieioapp.wish_word", "pk": 510, "fields": {"wish": 48, "word": 1}}, {"model": "genieioapp.wish_word", "pk": 511, "fields": {"wish": 48, "word": 1}}, {"model": "genieioapp.wish_word", "pk": 512, "fields": {"wish": 48, "word": 1}}, {"model": "genieioapp.wish_word", "pk": 513, "fields": {"wish": 48, "word": 1}}, {"model": "genieioapp.wish_word", "pk": 514, "fields": {"wish": 48, "word": 1}}, {"model": "genieioapp.wish_word", "pk": 515, "fields": {"wish": 48, "word": 1}}, {"model": "genieioapp.wish_word", "pk": 516, "fields": {"wish": 48, "word": 1}}, {"model": "genieioapp.wish_word", "pk": 517, "fields": {"wish": 48, "word": 1}}, {"model": "genieioapp.wish_word", "pk": 518, "fields": {"wish": 48, "word": 1}}, {"model": "genieioapp.wish_word", "pk": 519, "fields": {"wish": 48, "word": 22}}, {"model": "genieioapp.wish_word", "pk": 520, "fields": {"wish": 48, "word": 22}}, {"model": "genieioapp.wish_word", "pk": 521, "fields": {"wish": 48, "word": 22}}, {"model": "genieioapp.wish_word", "pk": 522, "fields": {"wish": 48, "word": 22}}, {"model": "genieioapp.wish_word", "pk": 523, "fields": {"wish": 48, "word": 22}}, {"model": "genieioapp.wish_word", "pk": 524, "fields": {"wish": 48, "word": 22}}, {"model": "genieioapp.wish_word", "pk": 525, "fields": {"wish": 48, "word": 22}}, {"model": "genieioapp.wish_word", "pk": 526, "fields": {"wish": 48, "word": 22}}, {"model": "genieioapp.wish_word", "pk": 527, "fields": {"wish": 48, "word": 22}}, {"model": "genieioapp.wish_word", "pk": 528, "fields": {"wish": 48, "word": 22}}, {"model": "genieioapp.wish_word", "pk": 529, "fields": {"wish": 48, "word": 22}}, {"model": "genieioapp.wish_word", "pk": 530, "fields": {"wish": 48, "word": 22}}, {"model": "genieioapp.wish_word", "pk": 531, "fields": {"wish": 48, "word": 22}}, {"model": "genieioapp.wish_word", "pk": 532, "fields": {"wish": 48, "word": 22}}, {"model": "genieioapp.wish_word", "pk": 533, "fields": {"wish": 48, "word": 22}}, {"model": "genieioapp.wish_word", "pk": 534, "fields": {"wish": 48, "word": 22}}, {"model": "genieioapp.wish_word", "pk": 535, "fields": {"wish": 48, "word": 22}}, {"model": "genieioapp.wish_word", "pk": 536, "fields": {"wish": 48, "word": 22}}, {"model": "genieioapp.wish_word", "pk": 537, "fields": {"wish": 48, "word": 22}}, {"model": "genieioapp.wish_word", "pk": 538, "fields": {"wish": 48, "word": 22}}, {"model": "genieioapp.wish_word", "pk": 539, "fields": {"wish": 48, "word": 22}}, {"model": "genieioapp.wish_word", "pk": 540, "fields": {"wish": 48, "word": 22}}, {"model": "genieioapp.wish_word", "pk": 541, "fields": {"wish": 48, "word": 22}}, {"model": "genieioapp.wish_word", "pk": 542, "fields": {"wish": 48, "word": 1}}, {"model": "genieioapp.wish_word", "pk": 543, "fields": {"wish": 48, "word": 1}}, {"model": "genieioapp.wish_word", "pk": 544, "fields": {"wish": 48, "word": 1}}, {"model": "genieioapp.wish_word", "pk": 545, "fields": {"wish": 48, "word": 1}}, {"model": "genieioapp.wish_word", "pk": 546, "fields": {"wish": 48, "word": 1}}, {"model": "genieioapp.wish_word", "pk": 547, "fields": {"wish": 48, "word": 1}}, {"model": "genieioapp.wish_word", "pk": 548, "fields": {"wish": 48, "word": 1}}, {"model": "genieioapp.wish_word", "pk": 549, "fields": {"wish": 48, "word": 1}}, {"model": "genieioapp.wish_word", "pk": 550, "fields": {"wish": 48, "word": 1}}, {"model": "genieioapp.wish_word", "pk": 551, "fields": {"wish": 48, "word": 33}}, {"model": "genieioapp.wish_word", "pk": 552, "fields": {"wish": 48, "word": 33}}, {"model": "genieioapp.wish_word", "pk": 553, "fields": {"wish": 48, "word": 33}}, {"model": "genieioapp.wish_word", "pk": 554, "fields": {"wish": 48, "word": 33}}, {"model": "genieioapp.wish_word", "pk": 555, "fields": {"wish": 48, "word": 33}}, {"model": "genieioapp.wish_word", "pk": 556, "fields": {"wish": 48, "word": 33}}, {"model": "genieioapp.wish_word", "pk": 557, "fields": {"wish": 48, "word": 33}}, {"model": "genieioapp.wish_word", "pk": 558, "fields": {"wish": 48, "word": 33}}, {"model": "genieioapp.wish_word", "pk": 559, "fields": {"wish": 48, "word": 33}}, {"model": "genieioapp.wish_word", "pk": 560, "fields": {"wish": 48, "word": 33}}, {"model": "genieioapp.wish_word", "pk": 561, "fields": {"wish": 48, "word": 33}}, {"model": "genieioapp.wish_word", "pk": 562, "fields": {"wish": 48, "word": 33}}, {"model": "genieioapp.wish_word", "pk": 563, "fields": {"wish": 48, "word": 33}}, {"model": "genieioapp.wish_word", "pk": 564, "fields": {"wish": 48, "word": 33}}, {"model": "genieioapp.wish_word", "pk": 565, "fields": {"wish": 48, "word": 33}}, {"model": "genieioapp.wish_word", "pk": 566, "fields": {"wish": 48, "word": 33}}, {"model": "genieioapp.wish_word", "pk": 567, "fields": {"wish": 48, "word": 33}}, {"model": "genieioapp.wish_word", "pk": 568, "fields": {"wish": 48, "word": 33}}, {"model": "genieioapp.wish_word", "pk": 569, "fields": {"wish": 48, "word": 33}}, {"model": "genieioapp.wish_word", "pk": 570, "fields": {"wish": 48, "word": 33}}, {"model": "genieioapp.wish_word", "pk": 571, "fields": {"wish": 48, "word": 33}}, {"model": "genieioapp.wish_word", "pk": 572, "fields": {"wish": 48, "word": 33}}, {"model": "genieioapp.wish_word", "pk": 573, "fields": {"wish": 48, "word": 1}}, {"model": "genieioapp.wish_word", "pk": 574, "fields": {"wish": 48, "word": 1}}, {"model": "genieioapp.wish_word", "pk": 575, "fields": {"wish": 48, "word": 1}}, {"model": "genieioapp.wish_word", "pk": 576, "fields": {"wish": 48, "word": 1}}, {"model": "genieioapp.wish_word", "pk": 577, "fields": {"wish": 48, "word": 1}}, {"model": "genieioapp.wish_word", "pk": 578, "fields": {"wish": 48, "word": 1}}, {"model": "genieioapp.wish_word", "pk": 579, "fields": {"wish": 48, "word": 1}}, {"model": "genieioapp.wish_word", "pk": 580, "fields": {"wish": 48, "word": 1}}, {"model": "genieioapp.wish_word", "pk": 581, "fields": {"wish": 48, "word": 1}}, {"model": "genieioapp.wish_word", "pk": 582, "fields": {"wish": 48, "word": 1}}, {"model": "genieioapp.wish_word", "pk": 583, "fields": {"wish": 48, "word": 1}}, {"model": "genieioapp.wish_word", "pk": 584, "fields": {"wish": 48, "word": 1}}, {"model": "genieioapp.wish_word", "pk": 585, "fields": {"wish": 48, "word": 1}}, {"model": "genieioapp.wish_word", "pk": 586, "fields": {"wish": 48, "word": 1}}, {"model": "genieioapp.wish_word", "pk": 587, "fields": {"wish": 48, "word": 1}}, {"model": "genieioapp.wish_word", "pk": 588, "fields": {"wish": 48, "word": 1}}, {"model": "genieioapp.wish_word", "pk": 589, "fields": {"wish": 48, "word": 1}}, {"model": "genieioapp.wish_word", "pk": 590, "fields": {"wish": 48, "word": 1}}, {"model": "genieioapp.wish_word", "pk": 591, "fields": {"wish": 48, "word": 10}}, {"model": "genieioapp.wish_word", "pk": 592, "fields": {"wish": 48, "word": 10}}, {"model": "genieioapp.wish_word", "pk": 593, "fields": {"wish": 48, "word": 10}}, {"model": "genieioapp.wish_word", "pk": 594, "fields": {"wish": 48, "word": 10}}, {"model": "genieioapp.wish_word", "pk": 595, "fields": {"wish": 48, "word": 10}}, {"model": "genieioapp.wish_word", "pk": 596, "fields": {"wish": 48, "word": 10}}, {"model": "genieioapp.wish_word", "pk": 597, "fields": {"wish": 48, "word": 10}}, {"model": "genieioapp.wish_word", "pk": 598, "fields": {"wish": 48, "word": 10}}, {"model": "genieioapp.wish_word", "pk": 599, "fields": {"wish": 48, "word": 10}}, {"model": "genieioapp.wish_word", "pk": 600, "fields": {"wish": 48, "word": 10}}, {"model": "genieioapp.wish_word", "pk": 601, "fields": {"wish": 48, "word": 10}}, {"model": "genieioapp.wish_word", "pk": 602, "fields": {"wish": 48, "word": 10}}, {"model": "genieioapp.wish_word", "pk": 603, "fields": {"wish": 48, "word": 1}}, {"model": "genieioapp.wish_word", "pk": 604, "fields": {"wish": 48, "word": 1}}, {"model": "genieioapp.wish_word", "pk": 605, "fields": {"wish": 48, "word": 1}}, {"model": "genieioapp.wish_word", "pk": 606, "fields": {"wish": 48, "word": 1}}, {"model": "genieioapp.wish_word", "pk": 607, "fields": {"wish": 48, "word": 1}}, {"model": "genieioapp.wish_word", "pk": 609, "fields": {"wish": 48, "word": 30}}, {"model": "genieioapp.wish_word", "pk": 610, "fields": {"wish": 48, "word": 30}}, {"model": "genieioapp.wish_word", "pk": 611, "fields": {"wish": 48, "word": 30}}, {"model": "genieioapp.wish_word", "pk": 612, "fields": {"wish": 48, "word": 30}}, {"model": "genieioapp.wish_word", "pk": 613, "fields": {"wish": 48, "word": 30}}, {"model": "genieioapp.wish_word", "pk": 614, "fields": {"wish": 48, "word": 30}}, {"model": "genieioapp.wish_word", "pk": 615, "fields": {"wish": 48, "word": 30}}, {"model": "genieioapp.wish_word", "pk": 616, "fields": {"wish": 48, "word": 30}}, {"model": "genieioapp.wish_word", "pk": 617, "fields": {"wish": 48, "word": 30}}, {"model": "genieioapp.wish_word", "pk": 618, "fields": {"wish": 48, "word": 30}}, {"model": "genieioapp.wish_word", "pk": 619, "fields": {"wish": 48, "word": 30}}, {"model": "genieioapp.wish_word", "pk": 620, "fields": {"wish": 48, "word": 30}}, {"model": "genieioapp.wish_word", "pk": 621, "fields": {"wish": 48, "word": 30}}, {"model": "genieioapp.wish_word", "pk": 622, "fields": {"wish": 48, "word": 30}}, {"model": "genieioapp.wish_word", "pk": 623, "fields": {"wish": 48, "word": 30}}, {"model": "genieioapp.wish_word", "pk": 624, "fields": {"wish": 48, "word": 30}}, {"model": "genieioapp.wish_word", "pk": 625, "fields": {"wish": 48, "word": 30}}, {"model": "genieioapp.wish_word", "pk": 626, "fields": {"wish": 48, "word": 30}}, {"model": "genieioapp.wish_word", "pk": 627, "fields": {"wish": 48, "word": 30}}, {"model": "genieioapp.wish_word", "pk": 628, "fields": {"wish": 48, "word": 30}}, {"model": "genieioapp.wish_word", "pk": 629, "fields": {"wish": 48, "word": 30}}, {"model": "genieioapp.wish_word", "pk": 630, "fields": {"wish": 48, "word": 30}}, {"model": "genieioapp.wish_word", "pk": 631, "fields": {"wish": 48, "word": 30}}, {"model": "genieioapp.wish_word", "pk": 632, "fields": {"wish": 48, "word": 30}}, {"model": "genieioapp.wish_word", "pk": 633, "fields": {"wish": 48, "word": 20}}, {"model": "genieioapp.wish_word", "pk": 634, "fields": {"wish": 48, "word": 20}}, {"model": "genieioapp.wish_word", "pk": 635, "fields": {"wish": 48, "word": 20}}, {"model": "genieioapp.wish_word", "pk": 636, "fields": {"wish": 48, "word": 20}}, {"model": "genieioapp.wish_word", "pk": 637, "fields": {"wish": 48, "word": 20}}, {"model": "genieioapp.wish_word", "pk": 638, "fields": {"wish": 48, "word": 20}}, {"model": "genieioapp.wish_word", "pk": 639, "fields": {"wish": 48, "word": 20}}, {"model": "genieioapp.wish_word", "pk": 640, "fields": {"wish": 48, "word": 20}}, {"model": "genieioapp.wish_word", "pk": 641, "fields": {"wish": 48, "word": 20}}, {"model": "genieioapp.wish_word", "pk": 642, "fields": {"wish": 48, "word": 20}}, {"model": "genieioapp.wish_word", "pk": 643, "fields": {"wish": 48, "word": 20}}, {"model": "genieioapp.wish_word", "pk": 644, "fields": {"wish": 48, "word": 20}}, {"model": "genieioapp.wish_word", "pk": 645, "fields": {"wish": 48, "word": 20}}, {"model": "genieioapp.wish_word", "pk": 646, "fields": {"wish": 48, "word": 20}}, {"model": "genieioapp.wish_word", "pk": 647, "fields": {"wish": 48, "word": 20}}, {"model": "genieioapp.wish_word", "pk": 648, "fields": {"wish": 48, "word": 20}}, {"model": "genieioapp.wish_word", "pk": 649, "fields": {"wish": 48, "word": 20}}, {"model": "genieioapp.wish_word", "pk": 650, "fields": {"wish": 48, "word": 20}}, {"model": "genieioapp.wish_word", "pk": 651, "fields": {"wish": 48, "word": 20}}, {"model": "genieioapp.wish_word", "pk": 652, "fields": {"wish": 48, "word": 20}}, {"model": "genieioapp.wish_word", "pk": 653, "fields": {"wish": 48, "word": 20}}, {"model": "genieioapp.wish_word", "pk": 654, "fields": {"wish": 48, "word": 12}}, {"model": "genieioapp.wish_word", "pk": 655, "fields": {"wish": 48, "word": 12}}, {"model": "genieioapp.wish_word", "pk": 656, "fields": {"wish": 48, "word": 12}}, {"model": "genieioapp.wish_word", "pk": 657, "fields": {"wish": 48, "word": 12}}, {"model": "genieioapp.wish_word", "pk": 658, "fields": {"wish": 48, "word": 12}}, {"model": "genieioapp.wish_word", "pk": 659, "fields": {"wish": 48, "word": 12}}, {"model": "genieioapp.wish_word", "pk": 660, "fields": {"wish": 48, "word": 12}}, {"model": "genieioapp.wish_word", "pk": 661, "fields": {"wish": 74, "word": 40}}, {"model": "genieioapp.wish_word", "pk": 662, "fields": {"wish": 75, "word": 41}}, {"model": "genieioapp.wish_word", "pk": 663, "fields": {"wish": 76, "word": 31}}, {"model": "genieioapp.wish_word", "pk": 664, "fields": {"wish": 76, "word": 42}}, {"model": "genieioapp.wish_word", "pk": 665, "fields": {"wish": 77, "word": 43}}, {"model": "genieioapp.wish_word", "pk": 666, "fields": {"wish": 78, "word": 44}}, {"model": "genieioapp.wish_word", "pk": 667, "fields": {"wish": 78, "word": 44}}, {"model": "genieioapp.wish_word", "pk": 668, "fields": {"wish": 78, "word": 44}}, {"model": "genieioapp.wish_word", "pk": 669, "fields": {"wish": 80, "word": 45}}, {"model": "genieioapp.wish_word", "pk": 670, "fields": {"wish": 81, "word": 46}}, {"model": "genieioapp.wish_word", "pk": 671, "fields": {"wish": 82, "word": 47}}, {"model": "genieioapp.wish_word", "pk": 672, "fields": {"wish": 82, "word": 48}}, {"model": "genieioapp.wish_word", "pk": 673, "fields": {"wish": 83, "word": 49}}, {"model": "genieioapp.wish_word", "pk": 674, "fields": {"wish": 84, "word": 50}}, {"model": "genieioapp.wish_word", "pk": 675, "fields": {"wish": 84, "word": 51}}, {"model": "genieioapp.wish_word", "pk": 676, "fields": {"wish": 84, "word": 52}}, {"model": "genieioapp.wish_word", "pk": 677, "fields": {"wish": 84, "word": 53}}, {"model": "genieioapp.wish_word", "pk": 678, "fields": {"wish": 86, "word": 43}}, {"model": "genieioapp.wish_word", "pk": 679, "fields": {"wish": 87, "word": 6}}, {"model": "genieioapp.wish_word", "pk": 680, "fields": {"wish": 88, "word": 54}}, {"model": "genieioapp.wish_word", "pk": 681, "fields": {"wish": 88, "word": 55}}, {"model": "genieioapp.wish_word", "pk": 682, "fields": {"wish": 89, "word": 56}}, {"model": "genieioapp.wish_word", "pk": 683, "fields": {"wish": 89, "word": 57}}, {"model": "genieioapp.wish_word", "pk": 684, "fields": {"wish": 90, "word": 41}}, {"model": "genieioapp.wish_word", "pk": 685, "fields": {"wish": 90, "word": 58}}, {"model": "genieioapp.wish_word", "pk": 686, "fields": {"wish": 91, "word": 59}}, {"model": "genieioapp.wish_word", "pk": 687, "fields": {"wish": 92, "word": 60}}, {"model": "genieioapp.wish_word", "pk": 688, "fields": {"wish": 93, "word": 61}}, {"model": "genieioapp.wish_word", "pk": 689, "fields": {"wish": 93, "word": 62}}, {"model": "genieioapp.wish_word", "pk": 690, "fields": {"wish": 93, "word": 63}}, {"model": "genieioapp.wish_word", "pk": 691, "fields": {"wish": 93, "word": 11}}, {"model": "genieioapp.wish_word", "pk": 692, "fields": {"wish": 94, "word": 45}}, {"model": "genieioapp.wish_word", "pk": 693, "fields": {"wish": 95, "word": 64}}, {"model": "genieioapp.wish_word", "pk": 694, "fields": {"wish": 95, "word": 6}}, {"model": "genieioapp.wish_word", "pk": 695, "fields": {"wish": 96, "word": 64}}, {"model": "genieioapp.wish_word", "pk": 696, "fields": {"wish": 96, "word": 6}}, {"model": "genieioapp.wish_word", "pk": 697, "fields": {"wish": 97, "word": 43}}, {"model": "genieioapp.wish_word", "pk": 698, "fields": {"wish": 98, "word": 43}}, {"model": "genieioapp.wish_word", "pk": 699, "fields": {"wish": 99, "word": 2}}, {"model": "genieioapp.wish_word", "pk": 700, "fields": {"wish": 99, "word": 6}}, {"model": "genieioapp.wish_word", "pk": 701, "fields": {"wish": 100, "word": 65}}, {"model": "genieioapp.wish_word", "pk": 702, "fields": {"wish": 101, "word": 66}}, {"model": "genieioapp.wish_word", "pk": 703, "fields": {"wish": 101, "word": 6}}, {"model": "genieioapp.wish_word", "pk": 704, "fields": {"wish": 102, "word": 67}}, {"model": "genieioapp.wish_word", "pk": 705, "fields": {"wish": 102, "word": 6}}, {"model": "genieioapp.wish_word", "pk": 706, "fields": {"wish": 103, "word": 68}}, {"model": "genieioapp.wish_word", "pk": 707, "fields": {"wish": 103, "word": 69}}, {"model": "genieioapp.wish_word", "pk": 708, "fields": {"wish": 103, "word": 6}}, {"model": "genieioapp.wish_word", "pk": 709, "fields": {"wish": 104, "word": 70}}, {"model": "genieioapp.grant", "pk": 1, "fields": {"granter": 1, "wish": 1, "memo": "I think I can help. I'm an experienced programmer.", "status": "Approved", "created_at": "2020-03-13T01:14:01.389Z"}}, {"model": "genieioapp.grant", "pk": 2, "fields": {"granter": 1, "wish": 57, "memo": "i own an ice cream truck", "status": "Pending", "created_at": "2020-03-16T19:07:37.041Z"}}, {"model": "genieioapp.grant", "pk": 3, "fields": {"granter": 2, "wish": 57, "memo": "It's all ice cream!\n", "status": "Pending", "created_at": "2020-03-16T19:23:01.425Z"}}, {"model": "genieioapp.grant", "pk": 4, "fields": {"granter": 2, "wish": 54, "memo": "Im a doctor", "status": "Pending", "created_at": "2020-03-16T23:29:54.689Z"}}, {"model": "genieioapp.grant", "pk": 5, "fields": {"granter": 2, "wish": 54, "memo": "Im a nurse", "status": "Pending", "created_at": "2020-03-18T19:20:19.107Z"}}, {"model": "genieioapp.grant", "pk": 6, "fields": {"granter": 2, "wish": 61, "memo": "I own a pizza place I can help!", "status": "Approved", "created_at": "2020-03-18T21:18:16.319Z"}}, {"model": "genieioapp.grant", "pk": 7, "fields": {"granter": 2, "wish": 61, "memo": "I own a pizza joint i can help!", "status": "Approved", "created_at": "2020-03-20T20:59:39.746Z"}}, {"model": "genieioapp.grant", "pk": 8, "fields": {"granter": 2, "wish": 73, "memo": "i own a dog sherlter", "status": "Approved", "created_at": "2020-03-21T23:17:36.806Z"}}, {"model": "genieioapp.grant", "pk": 9, "fields": {"granter": 2, "wish": 49, "memo": "Im a doctor i can help", "status": "Pending", "created_at": "2020-03-23T16:39:18.487Z"}}, {"model": "genieioapp.grant", "pk": 10, "fields": {"granter": 2, "wish": 49, "memo": "Im a doctor I can help", "status": "Pending", "created_at": "2020-03-24T18:45:26.822Z"}}, {"model": "genieioapp.grant", "pk": 11, "fields": {"granter": 7, "wish": 84, "memo": "I have a target gift card", "status": "Pending", "created_at": "2020-03-24T22:37:46.226Z"}}, {"model": "genieioapp.grant", "pk": 12, "fields": {"granter": 2, "wish": 85, "memo": "Im a yoga instructor", "status": "Approved", "created_at": "2020-03-24T23:01:34.424Z"}}, {"model": "genieioapp.grant", "pk": 13, "fields": {"granter": 2, "wish": 86, "memo": "I own Wendys", "status": "Pending", "created_at": "2020-03-25T14:41:18.524Z"}}, {"model": "genieioapp.grant", "pk": 14, "fields": {"granter": 7, "wish": 15, "memo": "I own too many cats", "status": "Pending", "created_at": "2020-03-26T23:37:27.381Z"}}, {"model": "genieioapp.grant", "pk": 15, "fields": {"granter": 7, "wish": 77, "memo": "I own a burger joint", "status": "Pending", "created_at": "2020-03-26T23:46:24.815Z"}}, {"model": "genieioapp.grant", "pk": 16, "fields": {"granter": 7, "wish": 49, "memo": "I am a doctor", "status": "Pending", "created_at": "2020-03-27T00:05:19.355Z"}}, {"model": "auth.permission", "pk": 1, "fields": {"name": "Can add log entry", "content_type": 1, "codename": "add_logentry"}}, {"model": "auth.permission", "pk": 2, "fields": {"name": "Can change log entry", "content_type": 1, "codename": "change_logentry"}}, {"model": "auth.permission", "pk": 3, "fields": {"name": "Can delete log entry", "content_type": 1, "codename": "delete_logentry"}}, {"model": "auth.permission", "pk": 4, "fields": {"name": "Can view log entry", "content_type": 1, "codename": "view_logentry"}}, {"model": "auth.permission", "pk": 5, "fields": {"name": "Can add permission", "content_type": 2, "codename": "add_permission"}}, {"model": "auth.permission", "pk": 6, "fields": {"name": "Can change permission", "content_type": 2, "codename": "change_permission"}}, {"model": "auth.permission", "pk": 7, "fields": {"name": "Can delete permission", "content_type": 2, "codename": "delete_permission"}}, {"model": "auth.permission", "pk": 8, "fields": {"name": "Can view permission", "content_type": 2, "codename": "view_permission"}}, {"model": "auth.permission", "pk": 9, "fields": {"name": "Can add group", "content_type": 3, "codename": "add_group"}}, {"model": "auth.permission", "pk": 10, "fields": {"name": "Can change group", "content_type": 3, "codename": "change_group"}}, {"model": "auth.permission", "pk": 11, "fields": {"name": "Can delete group", "content_type": 3, "codename": "delete_group"}}, {"model": "auth.permission", "pk": 12, "fields": {"name": "Can view group", "content_type": 3, "codename": "view_group"}}, {"model": "auth.permission", "pk": 13, "fields": {"name": "Can add user", "content_type": 4, "codename": "add_user"}}, {"model": "auth.permission", "pk": 14, "fields": {"name": "Can change user", "content_type": 4, "codename": "change_user"}}, {"model": "auth.permission", "pk": 15, "fields": {"name": "Can delete user", "content_type": 4, "codename": "delete_user"}}, {"model": "auth.permission", "pk": 16, "fields": {"name": "Can view user", "content_type": 4, "codename": "view_user"}}, {"model": "auth.permission", "pk": 17, "fields": {"name": "Can add content type", "content_type": 5, "codename": "add_contenttype"}}, {"model": "auth.permission", "pk": 18, "fields": {"name": "Can change content type", "content_type": 5, "codename": "change_contenttype"}}, {"model": "auth.permission", "pk": 19, "fields": {"name": "Can delete content type", "content_type": 5, "codename": "delete_contenttype"}}, {"model": "auth.permission", "pk": 20, "fields": {"name": "Can view content type", "content_type": 5, "codename": "view_contenttype"}}, {"model": "auth.permission", "pk": 21, "fields": {"name": "Can add session", "content_type": 6, "codename": "add_session"}}, {"model": "auth.permission", "pk": 22, "fields": {"name": "Can change session", "content_type": 6, "codename": "change_session"}}, {"model": "auth.permission", "pk": 23, "fields": {"name": "Can delete session", "content_type": 6, "codename": "delete_session"}}, {"model": "auth.permission", "pk": 24, "fields": {"name": "Can view session", "content_type": 6, "codename": "view_session"}}, {"model": "auth.permission", "pk": 25, "fields": {"name": "Can add Token", "content_type": 7, "codename": "add_token"}}, {"model": "auth.permission", "pk": 26, "fields": {"name": "Can change Token", "content_type": 7, "codename": "change_token"}}, {"model": "auth.permission", "pk": 27, "fields": {"name": "Can delete Token", "content_type": 7, "codename": "delete_token"}}, {"model": "auth.permission", "pk": 28, "fields": {"name": "Can view Token", "content_type": 7, "codename": "view_token"}}, {"model": "auth.permission", "pk": 29, "fields": {"name": "Can add category", "content_type": 8, "codename": "add_categories"}}, {"model": "auth.permission", "pk": 30, "fields": {"name": "Can change category", "content_type": 8, "codename": "change_categories"}}, {"model": "auth.permission", "pk": 31, "fields": {"name": "Can delete category", "content_type": 8, "codename": "delete_categories"}}, {"model": "auth.permission", "pk": 32, "fields": {"name": "Can view category", "content_type": 8, "codename": "view_categories"}}, {"model": "auth.permission", "pk": 33, "fields": {"name": "Can add location", "content_type": 9, "codename": "add_locations"}}, {"model": "auth.permission", "pk": 34, "fields": {"name": "Can change location", "content_type": 9, "codename": "change_locations"}}, {"model": "auth.permission", "pk": 35, "fields": {"name": "Can delete location", "content_type": 9, "codename": "delete_locations"}}, {"model": "auth.permission", "pk": 36, "fields": {"name": "Can view location", "content_type": 9, "codename": "view_locations"}}, {"model": "auth.permission", "pk": 37, "fields": {"name": "Can add wisher", "content_type": 10, "codename": "add_wisher"}}, {"model": "auth.permission", "pk": 38, "fields": {"name": "Can change wisher", "content_type": 10, "codename": "change_wisher"}}, {"model": "auth.permission", "pk": 39, "fields": {"name": "Can delete wisher", "content_type": 10, "codename": "delete_wisher"}}, {"model": "auth.permission", "pk": 40, "fields": {"name": "Can view wisher", "content_type": 10, "codename": "view_wisher"}}, {"model": "auth.permission", "pk": 41, "fields": {"name": "Can add Wish", "content_type": 11, "codename": "add_wishes"}}, {"model": "auth.permission", "pk": 42, "fields": {"name": "Can change Wish", "content_type": 11, "codename": "change_wishes"}}, {"model": "auth.permission", "pk": 43, "fields": {"name": "Can delete Wish", "content_type": 11, "codename": "delete_wishes"}}, {"model": "auth.permission", "pk": 44, "fields": {"name": "Can view Wish", "content_type": 11, "codename": "view_wishes"}}, {"model": "auth.permission", "pk": 45, "fields": {"name": "Can add word", "content_type": 12, "codename": "add_words"}}, {"model": "auth.permission", "pk": 46, "fields": {"name": "Can change word", "content_type": 12, "codename": "change_words"}}, {"model": "auth.permission", "pk": 47, "fields": {"name": "Can delete word", "content_type": 12, "codename": "delete_words"}}, {"model": "auth.permission", "pk": 48, "fields": {"name": "Can view word", "content_type": 12, "codename": "view_words"}}, {"model": "auth.permission", "pk": 49, "fields": {"name": "Can add Wishes_Word", "content_type": 13, "codename": "add_wishes_words"}}, {"model": "auth.permission", "pk": 50, "fields": {"name": "Can change Wishes_Word", "content_type": 13, "codename": "change_wishes_words"}}, {"model": "auth.permission", "pk": 51, "fields": {"name": "Can delete Wishes_Word", "content_type": 13, "codename": "delete_wishes_words"}}, {"model": "auth.permission", "pk": 52, "fields": {"name": "Can view Wishes_Word", "content_type": 13, "codename": "view_wishes_words"}}, {"model": "auth.permission", "pk": 53, "fields": {"name": "Can add grant", "content_type": 14, "codename": "add_grants"}}, {"model": "auth.permission", "pk": 54, "fields": {"name": "Can change grant", "content_type": 14, "codename": "change_grants"}}, {"model": "auth.permission", "pk": 55, "fields": {"name": "Can delete grant", "content_type": 14, "codename": "delete_grants"}}, {"model": "auth.permission", "pk": 56, "fields": {"name": "Can view grant", "content_type": 14, "codename": "view_grants"}}, {"model": "auth.permission", "pk": 57, "fields": {"name": "Can add Wish", "content_type": 11, "codename": "add_wish"}}, {"model": "auth.permission", "pk": 58, "fields": {"name": "Can change Wish", "content_type": 11, "codename": "change_wish"}}, {"model": "auth.permission", "pk": 59, "fields": {"name": "Can delete Wish", "content_type": 11, "codename": "delete_wish"}}, {"model": "auth.permission", "pk": 60, "fields": {"name": "Can view Wish", "content_type": 11, "codename": "view_wish"}}, {"model": "auth.permission", "pk": 61, "fields": {"name": "Can add word", "content_type": 12, "codename": "add_word"}}, {"model": "auth.permission", "pk": 62, "fields": {"name": "Can change word", "content_type": 12, "codename": "change_word"}}, {"model": "auth.permission", "pk": 63, "fields": {"name": "Can delete word", "content_type": 12, "codename": "delete_word"}}, {"model": "auth.permission", "pk": 64, "fields": {"name": "Can view word", "content_type": 12, "codename": "view_word"}}, {"model": "auth.permission", "pk": 65, "fields": {"name": "Can add category", "content_type": 8, "codename": "add_category"}}, {"model": "auth.permission", "pk": 66, "fields": {"name": "Can change category", "content_type": 8, "codename": "change_category"}}, {"model": "auth.permission", "pk": 67, "fields": {"name": "Can delete category", "content_type": 8, "codename": "delete_category"}}, {"model": "auth.permission", "pk": 68, "fields": {"name": "Can view category", "content_type": 8, "codename": "view_category"}}, {"model": "auth.permission", "pk": 69, "fields": {"name": "Can add grant", "content_type": 14, "codename": "add_grant"}}, {"model": "auth.permission", "pk": 70, "fields": {"name": "Can change grant", "content_type": 14, "codename": "change_grant"}}, {"model": "auth.permission", "pk": 71, "fields": {"name": "Can delete grant", "content_type": 14, "codename": "delete_grant"}}, {"model": "auth.permission", "pk": 72, "fields": {"name": "Can view grant", "content_type": 14, "codename": "view_grant"}}, {"model": "auth.permission", "pk": 73, "fields": {"name": "Can add location", "content_type": 9, "codename": "add_location"}}, {"model": "auth.permission", "pk": 74, "fields": {"name": "Can change location", "content_type": 9, "codename": "change_location"}}, {"model": "auth.permission", "pk": 75, "fields": {"name": "Can delete location", "content_type": 9, "codename": "delete_location"}}, {"model": "auth.permission", "pk": 76, "fields": {"name": "Can view location", "content_type": 9, "codename": "view_location"}}, {"model": "auth.permission", "pk": 77, "fields": {"name": "Can add Wish_Word", "content_type": 13, "codename": "add_wish_word"}}, {"model": "auth.permission", "pk": 78, "fields": {"name": "Can change Wish_Word", "content_type": 13, "codename": "change_wish_word"}}, {"model": "auth.permission", "pk": 79, "fields": {"name": "Can delete Wish_Word", "content_type": 13, "codename": "delete_wish_word"}}, {"model": "auth.permission", "pk": 80, "fields": {"name": "Can view Wish_Word", "content_type": 13, "codename": "view_wish_word"}}, {"model": "auth.permission", "pk": 81, "fields": {"name": "Can add word_counter", "content_type": 15, "codename": "add_word_counter"}}, {"model": "auth.permission", "pk": 82, "fields": {"name": "Can change word_counter", "content_type": 15, "codename": "change_word_counter"}}, {"model": "auth.permission", "pk": 83, "fields": {"name": "Can delete word_counter", "content_type": 15, "codename": "delete_word_counter"}}, {"model": "auth.permission", "pk": 84, "fields": {"name": "Can view word_counter", "content_type": 15, "codename": "view_word_counter"}}, {"model": "auth.user", "pk": 1, "fields": {"password": "pbkdf2_sha256$180000$CgcgiSs3mAHR$qg7oJq3mLQYloySREOKVExNUYal0iCDdL9CRHVHBwvw=", "last_login": "2020-03-13T22:14:44.499Z", "is_superuser": true, "username": "cherkesky", "first_name": "Guy", "last_name": "Cherkesky", "email": "guy@cherkesky.com", "is_staff": true, "is_active": true, "date_joined": "2020-03-13T01:11:41.248Z", "groups": [], "user_permissions": []}}, {"model": "auth.user", "pk": 2, "fields": {"password": "pbkdf2_sha256$180000$6b1DDPTylCyz$zU44tClAQKe9DiWc3/Mha6eNP0LdzrsDst23im3F3uU=", "last_login": null, "is_superuser": false, "username": "bgates", "first_name": "Bill", "last_name": "Gates", "email": "bill@bill.com", "is_staff": false, "is_active": true, "date_joined": "2020-03-13T01:14:01.389Z", "groups": [], "user_permissions": []}}, {"model": "auth.user", "pk": 5, "fields": {"password": "pbkdf2_sha256$180000$qEKsod7qIGbL$1RKSw1KqHO4HYYvHkVn/RwhAmD1G7uWYEMV5oJ4QJdQ=", "last_login": null, "is_superuser": false, "username": "vuget", "first_name": "Jasper", "last_name": "Patterson", "email": "tahovuqyra@mailinator.com", "is_staff": false, "is_active": true, "date_joined": "2020-03-16T00:18:03.317Z", "groups": [], "user_permissions": []}}, {"model": "auth.user", "pk": 6, "fields": {"password": "pbkdf2_sha256$180000$aMdd4ofrEP5l$QMFLgLa5F8ZCfZKo9soayqLln6VKq7p66RMo1ZHRAnw=", "last_login": null, "is_superuser": false, "username": "derury", "first_name": "Whitney", "last_name": "Baxter", "email": "kide@mailinator.com", "is_staff": false, "is_active": true, "date_joined": "2020-03-16T00:21:07.141Z", "groups": [], "user_permissions": []}}, {"model": "auth.user", "pk": 7, "fields": {"password": "pbkdf2_sha256$180000$0BIkhiI1muQu$99djRtKJOx3jc8voqrtyr54VXrVtgQT4wqv387I5ryI=", "last_login": null, "is_superuser": false, "username": "cchapman", "first_name": "Caty", "last_name": "Chapman", "email": "caty@caty.com", "is_staff": false, "is_active": true, "date_joined": "2020-03-24T22:06:11.842Z", "groups": [], "user_permissions": []}}, {"model": "auth.user", "pk": 13, "fields": {"password": "pbkdf2_sha256$180000$VqtVPC6dXn8g$3FQbckISA01AXChofFUHMfD91R2cF8tgZKx/OXDZIiM=", "last_login": null, "is_superuser": false, "username": "VivCat", "first_name": "Viv", "last_name": "Kitten", "email": "Viv Viv", "is_staff": false, "is_active": true, "date_joined": "2020-03-26T01:50:51.179Z", "groups": [], "user_permissions": []}}, {"model": "auth.user", "pk": 14, "fields": {"password": "pbkdf2_sha256$180000$0FittFcIVMM5$L6H9npk536pmcem3G5Q//cvw36ofbNO2cOcjC/ldU90=", "last_login": null, "is_superuser": false, "username": "Cat1234", "first_name": "Cat", "last_name": "Cherkesky", "email": "caty@cherkesky", "is_staff": false, "is_active": true, "date_joined": "2020-03-26T02:01:08.277Z", "groups": [], "user_permissions": []}}, {"model": "auth.user", "pk": 15, "fields": {"password": "pbkdf2_sha256$180000$Bc9k4550qRAO$XCoX55k5bvLWgp6EvenrcWLRVr6fR/BFoDjSWqsKV/s=", "last_login": null, "is_superuser": false, "username": "Pariah", "first_name": "Jeremiah", "last_name": "Bell", "email": "Jeremiah.bell812.topper@gmail.com", "is_staff": false, "is_active": true, "date_joined": "2020-03-27T16:26:02.676Z", "groups": [], "user_permissions": []}}, {"model": "authtoken.token", "pk": "1e0f618dc5f62e4ac101810d637a3656630a4a1b", "fields": {"user": 6, "created": "2020-03-16T00:21:07.279Z"}}, {"model": "authtoken.token", "pk": "2e9e910fb15afbb38f17652614ade71f7bf81e3f", "fields": {"user": 13, "created": "2020-03-26T01:50:51.302Z"}}, {"model": "authtoken.token", "pk": "4649c56f93ebddb5df2187ed5a333f87aeda3f9b", "fields": {"user": 15, "created": "2020-03-27T16:26:02.858Z"}}, {"model": "authtoken.token", "pk": "b61de33e0943f7990b4286f0ca513c8f7778820a", "fields": {"user": 5, "created": "2020-03-16T00:18:03.450Z"}}, {"model": "authtoken.token", "pk": "c3ba2b625a837c21334e84b872c14bd70b584410", "fields": {"user": 2, "created": "2020-03-13T01:14:01.521Z"}}, {"model": "authtoken.token", "pk": "ce198145f2c2b9f8cca27508d8d2e84bacb71dc0", "fields": {"user": 14, "created": "2020-03-26T02:01:08.386Z"}}, {"model": "authtoken.token", "pk": "e959cfa59b26fb286244de383f1938e900502116", "fields": {"user": 7, "created": "2020-03-24T22:06:12.039Z"}}, {"model": "genieioapp.wisher", "pk": 1, "fields": {"user": 1, "cid": 16156692299}}, {"model": "genieioapp.wisher", "pk": 2, "fields": {"user": 2, "cid": 16158703333}}, {"model": "genieioapp.wisher", "pk": 3, "fields": {"user": 5, "cid": 6161231234}}, {"model": "genieioapp.wisher", "pk": 4, "fields": {"user": 6, "cid": 6141237890}}, {"model": "genieioapp.wisher", "pk": 5, "fields": {"user": 8, "cid": 6151234567}}, {"model": "genieioapp.wisher", "pk": 7, "fields": {"user": 7, "cid": 6158707555}}, {"model": "genieioapp.wisher", "pk": 13, "fields": {"user": 13, "cid": 16154805162}}, {"model": "genieioapp.wisher", "pk": 14, "fields": {"user": 14, "cid": 6154805162}}, {"model": "genieioapp.wisher", "pk": 15, "fields": {"user": 15, "cid": 2706708979}}]